creatorAuthor,descriptionAIntro
丁云鹏,丁云鹏（1547―约1627年），字南羽，号金华居士。休宁（今安徽休宁人）。善画白描人物，亦能画佛像、山水。
丁姓画师,
丁皋,丁皋（生卒年不详），字鹤洲，江苏丹阳人，久寓扬州。出身于写真世家，其曾祖丁雨辰、祖父丁俟侯、父丁新如皆工画肖像。丁皋继承家学，运思落笔，均臻神妙，无论人之老少妍丑，偏侧反正，并其喜怒哀乐之神情，皆能传写精妙，为清代中期著名肖像画家。他将写真传神之法汇编总结，著成《传真心领》一书，卢见曾为之作序。其子丁以诚亦以写真名于世。
丁皋 康涛,丁皋（生卒年不详），字鹤洲，江苏丹阳人，久寓扬州。出身于写真世家，其曾祖丁雨辰、祖父丁俟侯、父丁新如皆工画肖像。丁皋继承家学，运思落笔，均臻神妙，无论人之老少妍丑，偏侧反正，并其喜怒哀乐之神情，皆能传写精妙，为清代中期著名肖像画家。他将写真传神之法汇编总结，著成《传真心领》一书，卢见曾为之作序。其子丁以诚亦以写真名于世。康涛（生卒年不详），字逸斋，一字康山，号石舟，又号既济生，晚号天笃山人、荆心老人等，浙江杭州人。清乾隆时期著名画家。工画花鸟、山水，尤精人物仕女，在妙能之间。工书法，年七十余尚能作小楷书。宋嘉定九年（1216年）。
严绳孙  张纯修  禹之鼎,
仇英,仇英（1498-1552年），字实父，号十洲，江苏太仓人，师从周臣学画，喜欢画山水、人物，尤其善于摹古，画风精细隽丽，画面色调鲜明，富有装饰意趣，为明四大家之一。
任仁发,任仁发（1254-1327年），字子明，号月山道人，松江（今上海）人。工于书法，擅画人物、花鸟，尤其精于画马。
任熊,任熊（1823―1857年），字渭长，号湘浦，浙江萧山人，寓居上海卖画为生。其受父影响，自幼喜爱绘画，曾从民间塾师学画肖像。后赴各地卖画为生，临摹了杭州孤山圣因寺五代贯休的十六罗汉石刻画像等，画艺日益精深，又在浙西名士周闲和宁波姚燮的家里遍临前代名家的书画佳作，逐渐形成自己兼具传统绘画及民间绘画之长、富有创造性的绘画风格。他的绘画技艺多样，人物、花卉、山水无所不能，工笔、写意兼长。其人物画法学明代画家陈洪绶，线条圆劲，形象夸张，多以历史故事和仕女为题材。其花鸟画工笔重彩与没骨写意兼收并蓄，将民间艺术与文人画的笔墨融为一体，格调清新。所作山水数量不多，但均构思妙异，布局奇巧，笔墨精微，色彩缤纷。他以笔致清逸、画风高古及构思巧妙为画坛所重，与同时代的朱熊、张熊合称“沪上三熊”，又与任薰、任颐、任预并称“海上四任”。
任薰,任薰（1836－1893年），字阜长，任熊弟。活动于上海、苏州间，卖画为生。工绘人物、花卉，笔墨松秀，市俗审美趣味浓厚。与任熊、任颐、任预并称“海上四任”。
任预,任预（1853―1901年），字立凡，浙江萧山人，任熊之子。与任薰、任熊、任颐并称“海上四任”。山水、人物、花鸟，皆有较高造诣。笔墨初无师承，风格演变源于任薰、任熊，以天分秀出尘表，独出机杼，别有风趣。其山水结构布局构思巧妙，能于古法中自创新意，在气韵、色彩方面则给人以深厚苍郁之感。花卉多用勾勒法，线条刚劲，根叶奇崛，自具奇趣。画仕女素面淡妆，不事绚染，得秀媚自然的姿态。兼善篆刻，曾受到赵之谦指授。是书画装潢中对书法或绘画作品原件的称呼。物象外沿以墨线两笔勾勒出轮廓的中国画技法。
任颐,任伯年(1840-1896)，名颐，浙江山阴人，故画面署款多写"山阴任颐"。所画题材，极为广泛，人物、花鸟、山水、走兽无不精妙。主要成就是在于人物画和花鸟画方面，往往寥寥数笔，便能把人物整个神态表现出来，着墨不多而意境深远。其线条简练沉着，有力潇洒。
伊秉绶,伊秉绶（1753―1815年），字组似，号墨卿，福建宁化人。清代中期著名书法家。清乾隆五十四年（1789年）进士，授刑部主事，迁员外郎。又曾官惠州、扬州知府，在任期间颇有政声。工诗，善画墨梅，尤以擅书名于时，书工楷、行，以隶书最负盛名，位列乾嘉八隶之首。伊秉绶与邓石如的活动时间大致相同，评者谓其与完白山人共为有清一代碑学之鼻祖。著有《留春草堂诗钞》、《墨庵集锦》等书行世。《清史稿》有传。
余省,余省（生卒年不详，活动于清乾隆时期），字曾三，号鲁亭，江苏常熟人。乾隆时期宫廷画家。其受业于蒋廷锡，与唐岱、周鲲同时祗候内廷。
倪元璐,倪元璐（1593-1644年），字汝玉，又作玉汝，号鸿宝、园客，浙江上虞人。天启年进士，官至户部、礼部尚书，翰林院学士。善于诗文、书法，擅长山水、竹石，所画山水，气势雄浑，风格古拙；所作竹石，笔法生秀，自具风神。著有《诗文集》。
倪瓒,倪瓒（1301―1374年），字元镇，号幼霞，别号云林子等，无锡（今属江苏省）人。家境豪富，筑“云林堂”、“清s阁”，收藏图书珍玩。工诗文，善画山水、竹石，长于书法，谙熟音律。中年以后，既信奉道教，又崇尚佛学，他在诗中自述：“嗟余百岁强半过，欲借玄窗学静禅”。到了晚年，索性卖去田宅，疏散财产，弃家遁迹，“扁舟蓑笠，往来湖泖间”，过着“不事富贵事作诗”的超然于物外的隐逸生活，思想愈加空寂。其山水宗法董源，参以荆浩、关仝笔法，用笔方折，创“折带皴”写山石，画树木兼师李成。所作多取材于太湖一带景色，意境清远萧疏，自谓“逸笔草草，不求形似”，画风对明清文人水墨山水画影响颇大。书法从古隶入手，又以二王为宗。后人把他和黄公望、吴镇、王蒙并称为“元四家”。
倪田,倪田（1855―1919年），初名宝田，字墨耕，又号璧月庵主，江苏扬州人，侨居上海。画初师王素，人物、仕女及古佛像皆取境高逸，亦擅画马。后转师任伯年，画风清丽脱俗，笔墨纵秀飘逸，为时人所重，是近现代书画名家。中国画技法名。不用墨笔为骨，直接以彩色描绘物象。相传为南朝梁张僧繇所创，唐代杨N擅此法。明代董其昌、蓝瑛等仿之。
傅山,傅山（1607―1684年），字青主，号朱衣道人等，阳曲（今山西太原）人。明亡后隐居不仕，以行医为生。清康熙十七年（1678年）举博学鸿词科，强征至京，以死拒，放归。能绘画，精医学。书法篆、隶、真、行、草无所不精，以草书最富特色，笔力雄奇恣肆，追求生拙真率的艺术境界，是清初书坛大家。有《霜红龛集》行世。《清史稿》列传二百八十八有传。
傅抱石,
傅雯,傅雯（生卒年不详），字紫来，一字凯亭，号香嶙，别号头凯陀，奉天广宁（今辽宁北镇）人。官骁骑校。善指墨，师高其佩，清乾隆时供奉内廷。乾隆九年（1744年）奉任京师慈仁寺画《胜果妙因图》大横帧，写如来罗汉百余尊，备极神采。又法源寺藏其所画《现身说法应真像》30余轴，具有古法。亦称“指头画”。即用手指和手掌蘸墨或色在纸绢上作画，是中国画的一种表现形式。指画据悉始于康熙年间的高其佩，其侄孙高秉著有《指头画说》。乾嘉以后，兼工指画者益见增多。
冯宁,
冷枚,冷枚（约1670―1742年），清初宫廷画家，字吉臣，别号金门画史，胶州（今属山东省）人。师从清初宫廷画家焦秉贞，擅长画人物、仕女、山水、花鸟，画风工整细致，色彩浓厚。康熙后期至乾隆七年间供奉内廷，并受到西洋绘画的一定影响。
刘度,刘度（生卒年不详，活动于17世纪），字叔宪，一字叔献，钱塘（今浙江杭州）人。蓝瑛弟子，宗法宋元人名迹，工界画楼台，多作青绿山水，画风细密精妍。县佐官。《汉书・百官公卿表》：“县令、长……皆有丞、尉。”《续汉书・百官制》注引《汉官》：“洛阳……丞三人，四百石。”地方县个别有置左右二丞者。指夏至。夏至白昼最长，故称。
刘松年,刘松年，南宋画家，钱塘（今浙江省杭州）人，居清波门，俗称“暗门”，因有“暗门刘”之称。淳熙年间为画院学生，其师张敦礼是李唐的学生，故画风与李唐一脉相承，而笔法俊秀，墨色亦显清淡，绍熙年间升至画院待诏，历经南宋孝宗、光宗、宁宗三朝，其画作有“院人中绝品”之名。工人物、山水、界画，是“南宋四家”中画风最为精致细微的一家。
华,华唬1682-1756），字德嵩，改字秋岳，号新罗山人、离垢居士、东园生、布衣生等。福建上杭人，侨寓扬州等地，以卖画为生。工诗善画，山水、花鸟、人物皆精。
原作南朝・梁?萧绎,
原济,原济(1642―1707年)，俗姓朱，名若极，广西全州(今全县)人，明宗室靖江王后裔。明亡之际出家为僧，僧名原济，号石涛、清湘老人、苦瓜和尚等。他最擅画山水，兼擅花竹、人物等。所绘山水之景苍润雄浑，风格新奇，笔墨淋漓酣畅，墨气浓润，笔意苍逸，手法变幻无穷，独成一家。在绘画理论上贡献卓著。他主张“笔墨当随时代”和“借古以开今”，强调对大自然要有真切的艺术感受，在艺术创作时要“我自用我法”，反对泥古不化。
叶欣,
叶澄,"叶澄（1522--1566年）,明嘉靖年间画家，字原静，号常山，祖籍吴县（今江苏苏州），寓居北京，遂占籍。善画山水，画史记载其“山水法戴进”，“其神似处，几莫能辨”。但从其传世作品来看，虽然在气势的雄健等方面与戴进有共通之处，画法上却较戴氏繁细，而更近似其同时期的吴派画家陆治。"
司马锺,司马锺（生卒年未详），字子英，号秀谷、绣谷、绣鹄，别号紫金山樵，上元（今南京）人。官至隶河工州判。擅长写意花卉和鸟兽。落笔豪放，气势遒逸，其花鸟俱用粗笔点叶，古朴别致，常用一两笔勾勒出草虫鱼虾，生动有趣。被誉为北派写生的创始人。代表作有《海棠翠羽图》。
吕纪,吕纪（约1439―1505年），字廷振，号乐愚，浙江宁波人。明孝宗弘治年间（1488―1505年）宫廷画家，官至锦衣卫千户和指挥同知。以花鸟画著称，典型风格为工笔重彩画法，源自本朝边景昭，上溯五代黄筌，亦能工笔淡彩和水墨写意法。所取题材，多赋予吉祥富贵寓意，形式上也追求富丽华美的审美意趣，风格是鲜明的宫廷艺术特色。笔墨表现多工写结合，花鸟工细，背景粗健，通过对比、陪衬，有力地突出了主体禽鸟。其画风在明代宫廷花鸟画中影响最大。
吕纪、吕文英,吕纪（约1439―1505年），字廷振，号乐愚，浙江宁波人。明孝宗弘治年间（1488―1505年）宫廷画家，官至锦衣卫千户和指挥同知。以花鸟画著称，典型风格为工笔重彩画法，源自本朝边景昭，上溯五代黄筌，亦能工笔淡彩和水墨写意法。所取题材，多赋予吉祥富贵寓意，形式上也追求富丽华美的审美意趣，风格是鲜明的宫廷艺术特色。笔墨表现多工写结合，花鸟工细，背景粗健，通过对比、陪衬，有力地突出了主体禽鸟。其画风在明代宫廷花鸟画中影响最大。
吴伟,吴伟（1459―1508年），字士英，又字次翁，号小仙，江夏（今湖北武汉）人。一生经历了几次从宫廷画家转为职业画家的过程。幼岁家道破落，被湖广左布政使钱昕收养，即学绘画。17岁至南京，受到公卿士大夫器重，声誉渐著。20多岁时游京师，应召入宫，宪宗授以锦衣卫镇抚，待诏仁智殿，因个性倔强，不事权贵，不久即放归南都，在金陵一带藉画谋生。30余岁孝宗登位时，二次征召入宫，待遇更高，授官锦衣百户，御赐“画状元”印，并恩准荣归老家武昌祭祖，在京赐西街府第，但他不耐拘束的性格和对官场的认识，使其在入宫两年后即“称疾归，居金陵秦淮上”（明・何乔远《名山藏》），继续过着自由自在的职业画家生活。武宗继位后，于正德三年（1508年）再次召他入宫，他却因饮酒过度而猝死，年仅50岁。吴伟恃才负气，放浪形骸，喜剧饮狎妓，常短褐垢脸，故创作也多狂放之迹。擅长山水、人物，山水承戴进衣钵，主宗南宋“院体”，更趋粗简放逸，也有融诸家之长的集大成面貌。人物画早年以工笔白描法为主，承北宋李公麟传统，后出现一路粗笔画法，呈水墨写意面貌，其源出自南宋马、夏和梁楷“减笔画”。他是继戴进之后的“浙派”大家，以粗劲纵横之笔，挥洒淋漓之墨，进一步发展了雄健豪放之风，增强了力度、动感和气势，“浙派”后学主要宗法吴伟画风，故又有“江夏派”之称。
吴伟业,吴伟业（1609―1671年），字骏公，号梅村等，太仓（今属江苏）人。明崇祯四年（1631年）进士。清初征为国子监祭酒，清顺治十四年（1657年）辞官南归。善书画，山水宗法元人，笔墨温润秀雅，具有文人书卷气，与张学曾、王时敏、邵弥等书画家友善。精诗词，是娄东诗派开创者。与钱谦益、龚鼎孳并称“江左三大家”，著《梅村集》。
吴俊卿,
吴历,吴历（1632―1718年），字渔山，号墨井道人、桃溪居士等，江苏常熟（今属江苏省）人。少年时遭遇明亡，信奉佛教，后转为信奉基督教。曾赴澳门，并受洗礼，教名西满・沙勿略（Simon・Xareris），并学习西文。原计划去欧洲，因故未果，后回内地，在上海、嘉定、苏州一带传教，卒后葬于上海南门外耶稣会墓地。早年学画于王鉴、王时敏，后接触西方文化，这对其山水画风的形成有潜在影响。喜用干笔焦墨，笔墨细腻，注重画面的纵深感，并略微注意到透视法的运用。吴历以其独到的艺术风貌与“四王”、恽寿平并称“清初六大家”。据《竹人续录》等史料载，吴氏兼擅刻竹，风格缜密，深受嘉定派影响。
吴宏,
吴彬,吴彬（生卒年不详，约活跃在16世纪后期―17世纪前期），字文中，号枝隐头陀，福建莆田人，明万历中曾官工部主事，为明末变形主义绘画大家。其人物、佛像吸收了五代贯休的画法，奇形怪态，或粗劲厚重，或秀雅绵密；山水师法自然而又夸张变形，常画仙山异境，笔法精整，画风奇特，独具一格。
吴昌硕,吴昌硕（1844 ―1927），原名俊，字昌硕，别号缶庐、苦铁等，浙江安吉人。吴昌硕的绘画具有直抒胸襟，酣畅淋漓的“大写意” 的表现形式。清末“海派四大家”之一。
吴石仙,吴石仙（1845-1916年），名庆云，字石仙，以字行，号泼墨道人，上元（今南京）人，曾居上海，去过日本。善于用西洋画法画山水，擅长画烟雨情景，水墨淋漓，自出新意。代表作有《剑阁云深图》轴和《海州全景》通景四条屏等。
吴继善等,
吴致中,吴致中（生卒年不详），大约活动于元末明初，号东园，延陵（今江苏常州）人。擅画山水，师法北宋李成、郭熙。《春秋》是儒家经典之一，编年体史书，相传为孔子据鲁国史官所编《春秋》整理而成，以鲁国事为主，兼涉列国。《春秋》所述的历史时间跨度为鲁隐公元年(公元前722年)至鲁哀公十四年（公元前481年），共242年。其文字简单，长不过40多字，短的只有一个字，故后来许多人为之作注，汉代以前主要有《春秋左传》、《春秋公羊传》、《春秋谷梁传》。宋代胡安国的《春秋传》在明清两代影响也很大，成为明及清乾隆以前士子必读之书。
吴鹤汀,吴鹤汀（1896-1986年），字诸，福建诏安县城关人。其夫吴泗滨系华侨富商，童年在自家开设的松斋私塾就读，后入丹诏小学。
周之冕,周之冕（生卒年不详），活动于明代中、后期，字服卿，号少谷，长洲(今江苏苏州)人。专擅花鸟画，家中饲养禽鸟，以求在画中得其神韵和形态。花卉则采陈淳、陆治之长，兼工带写，设色鲜妍，自成一家。周之冕与同时代的苏州画家们开创了勾花点叶派，在花鸟画坛上影响了明末及清代的笔墨风格。
周恺,
周文矩,周文矩（约907―975年），句容（今江苏句容）人。在五代南唐开国君主李c的N元年间（937―942年）已奉命作画，至后主李煜时（961―975年）任画院翰林待诏。擅画人物、车马、屋木、山川，人物画用笔颇有特色，带颤动多屈曲，被称为“战笔描”。仕女画师承唐・周P，多用细劲流畅的琴弦描，作风工整纤丽，如元・夏文彦《图绘宝鉴》所评：“至画仕女，则无颤笔，大约体近周P，而纤丽过之。”流传至今的作品《重屏会棋图》卷、《宫中图》卷、《琉璃堂人物图》卷虽均属后世摹本，但都反映了他的风格面貌。北宋皇帝徽宗赵佶所创的一种楷书字体，学唐代褚遂良、薛曜、薛稷而自具新意，成一家之法。明・陶宗仪《书史会要》记载：“徽宗行草正书，笔势劲逸，初学薛稷，变其法度，自号瘦金书。”其书结体疏朗端正，下笔尖而重，行笔细而劲，撇捺出笔锋而利，横竖收笔顿而钩，整体遒丽瘦硬，只剩筋骨，故称“瘦筋(金)体”。今之仿宋体，亦是从此中脱出。代表作品有《楷书千字文卷》(上海博物馆藏)。
周P,周P(生卒年不详)，字仲朗，又字景玄，京兆（今陕西西安）人。唐代画家，出身于官宦之家，曾任越州、宣州长史。擅绘佛道图像，因创制具典雅华丽特色的“水月观音”而被称为“周家样”。亦工人物肖像和仕女画，以画风写实、形神兼备而令世人瞩目。中国书画手卷的专业术语。指在本幅前面所留的空白纸方，一般用以题写书画名称或高度概括的品评，多为四字，与画心之间有隔水分开。因开卷时首先见其，故称“引首”，最早在明初出现。
周朗,周朗（生卒年不详），活动于14世纪中期，字朗伯，号冰壶画隐。擅绘仕女及马，笔墨简约生动。康里jj（1295―1345年），字子山，号正斋、恕叟等，康里部人（康里为当时西北游牧民族部落）。幼肄业国学，博通群书，自幼受汉文化熏陶，其一生为官，多为文职。曾先后任秘书监丞、秘书大监、集贤直大学士、奎章阁大学士、翰林学士承旨、知制诰、知经筵事等职。工书法，楷书师虞世南，行、草书学钟繇、王羲之，是当时著名的少数民族书法家之一。
周淑禧  周淑祜,周淑禧（生卒年不详），一作周禧，自号江上女史、江上女子，江苏江阴人。周荣起次女。工花鸟，兼写大士像，间作域外鞍马。点染精工，思致茂密，年80余犹点染不倦。周淑祜（生卒年不详），一作周祜，江苏江阴人。周荣起长女，善画花草虫鸟，用笔如春蚕吐丝，设色鲜丽，气韵生动。
周臣,周臣（生卒年不祥），字舜卿，号东村，吴县（今江苏苏州）人，活动于15世纪末至16世纪初。擅画山水、人物、花鸟，画法主宗南宋李唐、马远等院体画风，并受文人画的一定影响，功力深厚。周臣是一位富有创新精神的职业画师，为了适应人们的欣赏趣味，他一方面突破职业画家的局限，创作了大量以文人生活为题材的作品，一方面尝试在技法上学习文人画的笔墨情趣，使其作品具有周密雄劲而又清旷秀美的格调，在画坛上独树一帜。唐寅、仇英为其门下高足。
唐寅,唐寅（1470―1523年），字伯虎，一字子畏，号六如居士，吴县（今江苏苏州）人。出身商人家庭，自幼聪明伶俐。20余岁时家中连遭不幸，父母、妻子、妹妹相继去世，家境衰败，在好友祝允明的规劝下收心读书，29岁参加应天府公试，得中第一名“解元”，30岁赴京会试，却受考场舞弊案牵连被斥为吏。此后遂绝意进取，以卖画为生。正德九年（1514年）曾应宁王朱宸濠之请赴南昌半年余，后察觉宁王有图谋不轨，遂佯狂得以脱身而归。晚年生活困顿，54岁即病卒。他玩世不恭而又才气横溢，诗文擅名，与祝允明、文徵明、徐祯卿并称“江南四才子”，画名更著，与沈周、文徵明、仇英并称“吴门四家”。其绘画擅长山水、人物、花鸟各科。画法早年受沈周、文徵明影响，多“吴派”痕迹，30余岁时拜周臣为师，主宗南宗“院体”一路，后泛学宋元诸家，自成一体。山水画有粗、细两种风格：粗笔一路源自周臣，仿学南宋“院体”，然于刚劲雄健中别具清俊秀逸之韵；细笔画属其本色，更多文人画笔意，景色简约清朗，用笔纤细有力，皴法灵活多变，墨色淋漓多变，风格奇峭而又秀润。人物画造诣也很深，兼善工笔重彩、工笔淡彩、白描、水墨写意诸法，形神俱备。
唐志契,唐志契（1579 - 1651年），字敷五、元生，一作玄生，江都（今杭州）人。童年爱好绘画，擅长山水画，尤其是扇面画。代表作有《山雨欲来图》 ，著有《绘事微言》
商喜,
商琦,商琦（约1264―1324年），字德符，号寿岩，曹州济阴（今山东菏泽）人。元开国功臣商挺之子。元成宗时授集贤学士，泰定元年（1324年）迁秘书卿。善绘山水、墨竹。其山水师法李成，兼涉米氏用墨法。画风写实明快，与高克恭同为元初北方文人山水画家代表。景山本为位于紫禁城正北的皇家苑囿名称，在此则为乾隆所设的与南府并行的演戏机构名称。乾隆南巡时，江南优伶的演技使其耳目一新，故特命地方官员选送名伶入宫。大批苏、扬名伶入宫后被安排在景山居住和习艺，以别于由太监组成的“内学”。景山设有外头学、外二学、外三学及其它一些部门，与南府共同承应宫中演戏。
喻兰,喻兰（生卒年不详），活动于19世纪初，字少兰，浙江桐庐人。擅绘人物，笔致工整精细，供奉于嘉庆朝宫廷画院。“浙派”指以活跃于明代宣德至正统时期（1426―1449年）的画家戴进为代表的绘画流派。戴进的山水画师承南宋四家的传统，技艺全面，著称于时，号称“院体”。因其是浙江人，故又称“浙派”。受其影响的有吴伟、张路等人，一时追随者甚多，形成了明代中期的一大流派。
夏圭,夏圭（生卒年不详），一作夏，字禹玉，钱塘（今浙江杭州）人。南宋画家，与李唐、刘松年、马远并称“南宋四大家”。宁宗时任画院待诏，赐金带。善画山水，属水墨苍劲一派，喜用秃笔，下笔凝重，继承发展了李唐的大斧劈皴。取景简练，常以半边景物表现空间，与马远有异曲同工之妙，有“马一角，夏半边”之称。
夏昶,夏昶（1388―1470年），字仲昭，号自在居士，又号玉峰，江苏昆山人。官至太常寺少卿。善画墨竹，初师王绂，后融会吴镇、倪瓒画法，以法度谨严的楷书笔意入画，气态安闲，韵度翩翩，别具一种雅俗共赏的艺术魅力。他的墨竹“时称天下第一”并传播海外，“绢素一出，能令朝鲜、日本、暹罗海外诸国悬金争购”，有“夏卿一个竹，西凉十锭金”之谣。
夏永,夏永（生卒年不详），字明远，钱塘（今浙江杭州）人。其界画楼阁取法元初宫廷画家王振鹏，擅长以墨笔白描法绘建筑，而独以小幅见长。中国清代书画鉴藏家。明崇祯十六年（1643年）进士。清顺治元年（1644年）授编修。官至户部尚书、保和殿大学士。精善鉴赏，享誉一时。金石文字、书画、鼎彝之收藏，甲于海内。所藏法书名画，均由专人以特定的形式装裱，多有梁清标亲笔题签。曾从所藏法书中精心选出11种，刻为《秋碧堂法帖》。所著《蕉林诗集》十八卷，刻于康熙十七年（1678年），其中有许多为当时著名书画家、收藏家所写的题画诗。另有《蕉林文稿》、《棠村词》等行世。指依靠界笔直尺划线的绘画。以宫室、楼台、屋木等建筑为表现对象，又称“宫室”、“屋木”。
姚允在,
姚文瀚,
姜廷翰,
孙克弘,孙克弘，一作克宏（1533，一作1532―1611年），字允执，号雪居，华亭（今上海松江）人。官至汉阳知府。天资高敏，刻意书画。擅画山水、花鸟、竹石、佛像，尤以花鸟著称。师法沈周、陆治，兼能工笔和写意，作品有粗、细两种面貌，或水墨，或设色，风格淡雅，自成一家。书仿宋仲温。所居曰“东郭草堂”。
宋懋晋,宋懋晋（生卒年不详），字明之，松江（今属上海）人。大约活动于16世纪中至17世纪初。工画山水，兼善写松。受业于宋旭，参以宋、元遗法，自成一家。与赵左齐名，同为“苏松派”系统的画家。
宋旭,宋旭（1525―1606年），字初阳，号石门山人，浙江湖洲人，后徙居上海松江。宋旭一生喜云游，多居于寺庙精舍，日就禅灯孤榻，时人即用“发僧”来称呼他，即带发的僧人之意。后来他真的出家当了和尚，法名祖玄，自号天池发僧、景西居士等，具体卒年不详，从他尚有1606年作品存世，知他此年还在世。山水画在沈周的基础上融其他名家画法于一炉，并加入自己的理解，形成了颇具特色的雄劲古拙的画风。宋旭精研古人之法，尤其对宋代李成、关仝、范宽三家推崇备至，曾说：“画山水惟李成、关仝、范宽智妙入神，才高出类，三家鼎峙，百代标程，前古莫能方驾，近代难继后尘。”（见《无声诗史》卷三）由于他能远师古人，近取成法，创出了有别于吴派绘画的风格而自成一格，并对明末松江地区的画家产生了长足的影响，世人遂称其为“苏松派”的开山之祖，明末赵左、沈士充等皆出其门下。
宋葆淳,
居节,
展子虔,展子虔（生卒年不详），渤海（今山东省阳信）人。历北齐、北周至隋，隋文帝时受诏出仕，曾任朝散大夫、帐内都督等职。展子虔以擅长绘画而著名于画史，更以传世之《游春图》而名标百代，成为晋唐间艺术传承之津梁、承前启后的艺术大师。后世将其与晋代顾恺之，南朝陆探微、梁张僧繇并称为“顾、陆、张、展”，可见其艺术影响力之深广。展子虔擅长道释、人物、鞍马，尤长于宫殿台阁、山水画的创作。绘画技法承前人之余泽，在魏晋、南北朝艺术成就的基础上加以创新，注重对自然的客观表现。“触物留情，备皆妙绝，尤善台阁人马，山川咫尺千里”是当时人对其绘画的评价。从这段记述不难看出，展子虔在绘画创作中注重对真山水的细致观察并赋之于笔墨，处理山水、人物等比例关系已达到了相当高的水平，对魏、晋以来的绘画理论进行了深入的实践，这一点在《游春图》上得到了很好的体现。
崔子忠,崔子忠，1644年逝世，初名丹，字开予，改名子忠，字道母，号北海、青蚓（一作青引）、生员。曾游董其昌之门，李自成克北京后，绝食而亡。
崔白,崔白（生卒年不详，北宋熙宁时期人，约活动于11世纪），字子西，濠梁（今安徽凤阳）人。北宋神宗熙宁（1068―1077年）初为画院艺学，元丰（1078―1085年）时为画院待诏。擅长花鸟，工于写生。他突破宋初以黄筌父子笔法程式为标准的局面，所绘禽鸟工整活泼，敷色轻淡，将写意和工笔和谐结合，创立新的画风。郭若虚《国画见闻考》评其花鸟“体制清澹，作用疏通。”
廖云锦,
弘仁,弘仁（1610―1663年），俗姓江，名韬，字六奇，出家后释名弘仁，号渐江学人，又号无智、梅花古衲，安徽歙县人。明亡后入武夷山为僧，云游各地后回歙县，住西郊太平兴国寺和五明寺，常往来于黄山、白岳之间。善画山水，早年从学于孙无修，中年师萧云从。其画取法元代倪瓒、黄公望，构图洗练简逸，笔墨苍劲整洁，善用折带皴和干笔渴墨。他重视师法自然，善画黄山、武夷山诸景，传达山川之美，意境伟峻秀逸，“得黄山之真性情”，与石涛、梅清同成为“黄山画派”的代表人物。在安徽与查士标、孙逸、汪之瑞并称“海阳四家”，形成“新安派”。同时，与石涛、八大、髡残合称“清初四僧”。
弘历,
弘J,
张先,张先（990--1078年），字子野，乌程（今浙江吴兴）人。宋天圣八年（1030年）进士，官至都官郎中，是著名词人。宋陈师道《后山诗话》中说：“张先善著词，有云‘云破月来花弄影’，‘帘幕卷花影’，‘堕轻絮无影’，世称诵之，号张三影。”
张宏,张宏（1577―？年），字君度，号鹤涧，江苏苏州人。善画山水，师法沈周而略有变化，画风苍秀，亦善人物。
张宗苍,张宗苍（1686―1756年），字默存，一字墨岑，号篁村、蔗翁、太湖渔人，晚称瘦竹，吴县（今江苏苏州）人。师承清代娄东画派的传人黄鼎，擅画山水。初以主簿理河工事。清乾隆十六年（1751年）高宗南巡，以绘《吴中十六景》画册敬献，称旨，命入都祗候内廷。十九年（1754年）授户部主事。其山水画用笔沉着，山石多加积染，表现出深远的意境，具有苍劲秀雅之风，深得高宗皇帝赏识，成为乾隆朝宫廷的重要画家。
张,
张应秋,张应秋（生卒年未详），字伯辰，广东顺德人，嘉庆举人。善于书法，擅长画山水和花卉。
张庚,
张廷彦,张廷彦（生卒年不详），张为邦之子，扬州人。乾隆九年（1744年）入清宫如意馆供职，善画人物、楼阁，画风在一定程度上受西洋风格影响。
张择端,
张,张（1812-1889年以后），原名柞枝，字小蓬、小，号圆腹道人，直隶定兴（今河北定兴）人。官山东武定同知。
张灵,张灵（生卒年不详），字梦晋，吴（今江苏苏州）人。家境清贫，意欲读书致仕，屡试不第。遂落拓嗜酒，写诗作画排解郁闷心境。擅绘人物、花鸟，间作山水，笔致秀逸，气韵高古。他与画坛“明四家”之一唐寅友善，品评画理、画艺，常贯穿于笔墨酬答间。
张熊,
张,张（生卒年不详），活动于金正隆（1156--1161年）年间。工画人物，其笔下人物形貌端正，衣褶清劲。古代天文学中将太阳落山与月亮东升处于同一直线的那天称为望日，它一般发生在农历每月十五日，故古代常把农历每月十五日称为望日。指南宋时四位著名的诗人，即徐照（灵辉）、徐玑（灵渊）、翁舒（灵舒）、赵师秀（灵秀），他们的名字里都有一个“灵”字，时人称为“永嘉四灵”。亦称院画。是指宋代翰林图画院及以后宫廷画家工致精整一路的宫廷绘画。作品多以花鸟、山水、宫廷生活及宗教内容为题材，作画讲究法度，重视形神兼备。南宋院画在继承北宋宫廷绘画“状物精微”、“写实之极”风格的基础上，更加讲求构图的简洁，强调画面的空灵，又有新的发展。
张瑞图,张瑞图（1570-1641年），字长公，号二水，又号果亭山人，福建晋江人。明万历三十五年（1607年）探花。天启七年（1627年）召入内阁。为魏忠贤撰生祠碑，致士林耻之。擅长行草书，书法奇逸，学钟、王。山水画学黄公望，苍劲有骨。与董其昌、邢侗、米万钟齐名，时称晚明四大家。
张,张(约17世纪，生卒年未详），字子羽，号图南，南京人。擅长画人物、仕女，笔墨豪迈，着色古雅，花草娟秀，山水清润，笔墨功力深厚，造型简洁，其画可达到出神入化的境界。
张舒,
张若澄,张若澄（生卒年不详，，清乾隆年间人），字镜坚，一字铄雪，号款花庐主人，桐城（今属安徽）人。乾隆十年（1745年）进士，官至内阁学士兼礼部侍郎，擅长水墨山水、花卉。
张若霭,张若霭（1713―1746年），字晴岚，安徽桐城人。来自官宦世家，祖父张英、父亲张廷玉均为雍正、乾隆朝大学士。雍正十一年（1733）进士，官至礼部尚书、翰林编修、通政司。工绘山水、花鸟，得王b祥、周之冕遗意。精于鉴赏，品评皇室所藏，颇有见的，与兄弟张若澄同为乾隆朝重要的词臣画家。
张茂,张茂（生卒年不详），字如松，杭州人。南宋绍熙年间（1191-1194年）隶籍画院。画史称其作山水、花鸟俱精致，小景更佳。
张赐宁,"1743-1817,字坤一，号桂岩、十三峰老人、富春山樵、北海外史.直隶沧州【今河北沧州】人，晚年客居维扬【今江苏扬州】初游京师，与罗聘齐名，画受王宸指点。?代表作品有《秋山读书图》、《萱草竹石图》等。著有《黄花吟馆集》、《十三峰草堂诗草》。"
张路,
张风,
徐扬,徐扬（生卒年不详），字云亭，吴县（今江苏苏州）人。乾隆十六年（1751年）弘历南巡，徐扬恭献图册，得到皇帝的赏识并因此入宫供奉，在如意馆供职达26年之久。擅长人物、花鸟、楼阁，官至内阁中书。
徐扬等,徐扬（生卒年不详），字云亭，吴县（今江苏苏州）人。乾隆十六年（1751年）弘历南巡，徐扬恭献图册，得到皇帝的赏识并因此入宫供奉，在如意馆供职达26年之久。擅长人物、花鸟、楼阁，官至内阁中书。
徐枋,徐枋（1622-1694年），字昭法，号俟斋、涧叟、秦馀山人。江南长洲（苏州）人。崇祯年举人。其书法学习孙过庭，绘画继承巨然之风格。博学多识，著有《居易堂集》二十卷。
徐渭,徐渭（1521―1593年），初字文清，改字文长，号天池山人、青藤道士等，山阴（今浙江绍兴）人。他在中国绘画史上是一位多才多艺的奇人，在诗文、书画、戏剧创作方面都造诣精深。其书法取苏轼、米芾笔意而自成一格，字体奔放，一如其人。在水墨大写意花卉方面继承梁楷、林良、沈周诸家写意花鸟画的风格，运笔放纵豪爽，施墨淋漓大胆，不求形似求生韵。在大写意绘画上以卓越的成就与陈道筒⒊啤扒嗵佟白阳”，对清代“扬州八怪”及近现代写意花鸟画的发展产生了深远的影响。著有《会稽县志》、《笔玄要旨》、《徐文长全集》。
徐璋,徐璋（1694－？年），乾隆二十年（1755年）尚在，字瑶圃，一作瑶园，娄县（今江苏松江）人。擅画人物、山水、花鸟，俱皆精妙而入能品，尤工写真，从师于曾鲸弟子沈韶，为“波臣派”再传弟子中的佼佼者。首创用生宣纸作人物肖像。乾隆十四年（1749年），由苏州织造图拉推荐进入宫廷画院供职，仅一月余即离去。
恽向,江苏武进人.崇祯年间授中书。善山水，师法董源、巨然。侄寿平，少时曾师事之。
恽寿平,恽寿平（1633―1690年），又名格，字正叔，号南田、白云外史等，武进（今江苏常州）人。早年工绘山水，宗元人王蒙画风，笔墨清灵秀洁，意境萧散幽淡。后改绘花鸟，远师宋徐崇嗣，近学明人，注重写生，更发展了没骨技法。所画花鸟禽鱼很少用笔勾线，主要以水墨直接点染，追求天机物趣，一洗前习的画法而对后世花鸟画的创作影响极大，开创了“常州画派”。他与王时敏、王鉴、王、王原祁、吴历并称“四王吴恽”，亦称“清六家”。
恽怀英,恽寿平（1633―1690年），又名格，字正叔，号南田、白云外史等，武进（今江苏常州）人。早年工绘山水，宗元人王蒙画风，笔墨清灵秀洁，意境萧散幽淡。后改绘花鸟，远师宋徐崇嗣，近学明人，注重写生，更发展了没骨技法。所画花鸟禽鱼很少用笔勾线，主要以水墨直接点染，追求天机物趣，一洗前习的画法而对后世花鸟画的创作影响极大，开创了“常州画派”。他与王时敏、王鉴、王、王原祁、吴历并称“四王吴恽”，亦称“清六家”。古称海隅，一称乌目山。在江苏省常熟市西北。海拔261米。相传西周虞仲葬此，故名。东麓有言子墓、仲雍墓等，南有剑门，北有秦坡、桃源等胜迹。
恽珠,
戴进,戴进（1388―1462年），字文进，号静庵，又号玉泉山人，浙江钱塘(今杭州)人。一生经历坎坷，画风几经变化。青少年时居家习画，受画工父亲戴景祥影响，画法从工笔入手，善绘写真的肖像和精工的寺观佛像，同时又受流行江浙地区的南宋“院体”影响，作劲健一路水墨山水。40岁左右中年时，应征入京，进宫待诏仁智殿，因同行嫉妒进谗，故离开宫廷而流寓京城。居京期间承宗诸家，兼容并蓄，风貌多变，所承传统涉及北宋李郭、南宋马夏、米氏云山、元代盛懋、文人水墨法和浅绛山水等方面。54岁左右离京返乡，晚年卖画课徒，风格日见成熟，典型面貌是从南宋“院体”演化而成的雄劲简逸山水，同时也有融诸家之长、行利兼具的集大成画风。他独树一帜的绘画形成诸多追随者，遂开创了“浙派”。
扬无咎,扬无咎（1097─1169年），字补之，号逃禅老人，又号清夷长者，清江（今属江西省）人，寓居南昌。自称为东汉著名文学家扬雄之后，故其姓氏从“手”而不从“木”。生平事迹不详。他为人正直耿介，绍兴（1131─1162年）年间，奸相当道，朝廷对外妥协苟安，无咎“不直秦桧，累征不起”，一生没有作官，是一位藐视权贵的画家。他为梅花传神写照，以“墨梅擅天下，身后寸纸千金”，成为中国梅画的初始者之一。事实上，“画如其人”，无咎笔底高标清韵的梅花，正是画家素洁坚贞的高尚操守的化身。
改琦,改琦（1773―1828年），字伯蕴，号七芗、玉壶外史等，松江（今属上海市）人。擅绘人物、花卉，尤以工绘娴静雅丽的仕女画为时人称著。有《玉壶山房词选》传世。
文伯仁,文伯仁（1502--1575年），字德承，号五峰，又号摄山老农，长洲（今江苏苏州），文徵明之侄。善画山水、人物，风格略近王蒙，笔力清劲，岩峦郁茂，是文派的重要传人。中国书画著录书，共有三编，由乾隆皇帝命令大臣编纂，初编成书于乾隆十年（1745年），共四十四卷；二编成书于乾隆五十八年（1793年），共四十册；三编成书于嘉庆二十一年（1816年），共二十八函。书中收录的均为清朝宫廷所藏之书画作品。西汉高祖四年（前200年），萧何在未央宫正殿北（今西安市未央区柯家寨村西）建造国家藏书机构，以收藏入关所得秦之律令、图籍。其下砌石为渠以导水，如同宫外之御沟，因称“石渠阁”。宣帝甘露三年（前51年），诏太子太傅萧望之，诸儒韦玄成、施雠、梁丘临、戴圣、刘向等于阁内讲五经异同，增立博士。至成帝时藏秘书于此。此后，“石渠”便成为皇家秘储的泛称。中国书画手卷的专业术语。指在本幅前面所留的空白纸方，一般用以题写书画名称或高度概括的品评，多为四字，与画心之间有隔水分开。因开卷时首先见其，故称“引首”，最早在明初出现。
文m,
文嘉,文嘉（1501―1583年），字休承，号文水，长洲（今江苏苏州）人，文徵明次子。官和州学政。工诗文书画，继承家学，又以多见古人名迹，故其画作能脱去习俗。著《和州诗》。早年研习儒、释、道经典，后往来杭州、嘉兴地区，卖卜为生，以诗文书画自娱，终生不仕。其画以山水、墨竹著称，为"元四家"之一。善草书，师法怀素、杨凝式，多用于题画，独立的书作极为罕见。
文徵明,文徵明（1470―1559年），原名壁，字徵明，后以字行，改字徵仲，长洲（今江苏省苏州）人。家世武弁，自祖父起始以文显，父文林曾任温州永嘉知县。他幼习经籍诗文，喜爱书画，文师吴宽，书法学李应祯，绘画宗沈周。少时即享才名，与祝允明、唐寅、徐祯卿并称“吴中四才子”。然在科举道路上却很坎坷，从弘治乙卯（1495年）26岁到嘉靖壬午（1522年）53岁，十次应举均落第，直至54岁才受荐以贡生进京，待诏翰林院。四年中目睹官场腐败，一再乞归，57岁回归故里，潜心诗文书画。他通晓各科绘画之艺，擅长各种细粗之法，其目力和控笔能力极佳，80多岁时还能十分流利地书写蝇头小楷竟日不倦。绘画上与沈周共创“吴派”，又与沈周、唐寅、仇英并称“吴门四家”。书法上与祝允明、王宠并誉为“吴中三家”。文徵明的绘画兼善山水、兰竹、人物、花卉诸科，尤精山水。早年师事沈周，后致力于赵孟\、王蒙、吴镇三家，自成一格。画风呈粗、细两种面貌。粗笔源自沈周、吴镇，兼取赵孟\古木竹石法，笔墨苍劲淋漓，又带干笔皴擦和书法飞白，于粗简中见层次和韵味；细笔取法赵孟\、王蒙，布景繁密，较少空间纵深，造型规整，时见棱角和变形，用笔细密，稍带生涩，于精熟中见稚拙。设色多青绿重彩，间施浅绛，于鲜丽中见清雅。这路细笔山水属本色画，具装饰性、抒情味、稚拙感、利家气诸特征，也奠定了“吴派”的基本特色。文徵明是继沈周之后的吴门画派的领袖，门人、弟子众多，形成当时吴门地区最大的绘画流派。
明人,
曾鲸,曾鲸（1564-1647年），字波臣，福建莆田人，长期寓居金陵（今南京）一带。以为人作肖像为生，精工写照，如镜取影，妙得神情。他的肖像画敷色淹润，点睛生动，顾盼笑靥咄咄逼真。曾鲸一生主要活动于浙江的杭州、宁波，江苏的南京一带，与当时许多著名文人都有交往。曾鲸的人物肖像画与传统的古代肖像画勾勒敷色有所不同，迥异时流，因而名声大振，独步艺林，师从者甚众，成为明代后期画坛重要的写真派别--“波臣派”的创始人。晚年居于南京牛首山，视力有所下降，不能看清细物，在为牛首山的僧人画完八十一代祖师像后，于清顺治四年（1647年）卒，享年84岁。
朱多,
朱德润,朱德润(1294--1365年)，字泽民，号睢阳教人，祖籍睢阳(今属安徽省)，后居平江(今江苏苏州)，官至镇东行中乃省儒学提举。他专擅山水，远师北宋李成、郭熙，近承元代赵孟\，多写文人雅士在山林中的游赏活动。
朱玉,朱玉（生卒年不详），元代宫廷画家，生平记载甚少，曾绘《揭钵图》。
朱瞻基,朱瞻基（1399―1435年），即明代宣德皇帝。自号长春真人，明仁宗长子，在位十年（1426―1435年），庙号宣宗，谥号章皇帝。朱瞻基是明朝较有作为的一位帝王，性格活跃，修养深厚，雅尚翰墨，书法出自华亭沈氏兄弟，而能够于圆熟之外以遒劲出之。尤工绘画，山水、人物、走兽、花鸟、草虫等无不臻妙。常将自己的画作赏赐给重臣，并于其上书年月及受赐者姓名。在位期间着力经营画院，成绩斐然。
朱绍宗,朱绍宗（生卒年不详）。隶籍南宋画院。善绘人物、猫犬、花禽。画史称其所作“描染精邃，远过流辈”。
朱统S,
朱耷,朱耷（1624―1705年），明宗室宁献王朱权后裔，封藩南昌，遂为江西南昌人，谱名统『0137』，小名耷。清顺治五年（1648年）落发为僧，法名传ぁＲ簧字、号、别号甚多，有个山、驴屋驴、人屋等。康熙二十三年（1684年）始号八大山人。坎坷的命运影响着他的人生观及艺术创作思想，其绘画作品中多寄托着对清王朝的痛恨，对明王朝的眷恋之情。山水画在宗法元黄公望平淡天真和明董其昌润泽秀逸的基础上形成了自己古拙奇特、劲拔荒率的艺术风格。花鸟画在参照明代沈周、徐渭等文人画法的同时，又融入自己强烈的主观意识，注重鱼、虫、禽等物象的人格化表现，以象征手法表达隐晦的寓意。晚年署款将自己的号“八大山人”四个字以草书体连缀写，似“哭之”、“笑之”，借此暗寓他面对富于戏剧性变幻的人生，哭笑不得，百般无奈的感慨之情。他与同为明遗民画家的石涛、弘仁、髡残合称“清初四僧”。书法宗王献之、颜真卿，淳朴圆润，自成一格。朱耷中晚年，在书画作品款署中多使用“八大山人”。第一：Ｊ勾亳{，如此之重重BB上台也，可s幸！翊晨承，D致意介老玉郎望。四月既望，}上鹿先生，八大山人D首。
李世倬,李世倬（1687-1770年），字汉章、天涛，号觳斋，园、星，别号十石居士、太平拙吏、伊祁山人等，三韩（今内蒙古喀喇沁旗）人，一作奉天（今辽宁沈阳）人。先世为朝鲜人。曾任职太常寺，人称李太常。学画师从王，具有王的风格；花鸟写生深受其舅高其佩指墨画的影响，自成一家，别有情趣。
李公麟,李公麟（1049―1106年），字伯时，号龙眠居士，舒城（今属安徽省）人。北宋著名画家。神宗熙宁中进士，官至朝奉郎。好古博学，喜藏钟鼎古器及书画。擅画人物、佛道像，尤精鞍马，更以白描画法独步当世，被评者推为宋画第一。
李唐,李唐（约1049―1130年），字希古，河阳三城（今河南省孟县）人。约在北宋宣和年间入宫廷宣和画院供职；金兵陷汴梁（今河南开封）后，南渡流落临安（今浙江省杭州），以近八十的高龄入绍兴画院。其山水宗法荆浩、关仝、范宽，又加以变化。布局多取近景，突出主峰或崖岸，山石作小斧劈皴，墨色与勾皴往往一次完成。用笔劲健，积墨深厚，画风沉郁雄壮。晚岁遂自成一家，开启南宋山水画一代新风，与刘松年、马远、夏圭共创南宋“院体”，画史并称为“南宋四家”。传世作品有《万壑松风图》轴、《采薇图》卷等。
李嵩,李嵩（1166-1243年），南宋画家，钱塘人。少为木工，后为画院待诏李从训养子，随其习画。历任光宗、宁宗、理宗三朝画院待诏。擅长人物、佛像，尤长界画。
李时珍,蕲州(今属湖北省蕲春县)人。
李昭道,李昭道（生卒年不详），李思训之子，官至太子中舍人。唐宗室。唐代画家。在绘画上继承其父画法而稍变，时人有“变父之势，妙有过之”的评论。他的画法更加细密纤丽。李昭道虽未为将军，但后世因其父爵而以“小李将军”名之。“二李”目前已无画迹存世，今传为李思训的《江帆楼阁图》和李昭道的《明皇幸蜀图》虽均出自宋人手笔，但画法精细，风格工巧繁缛，从中亦可看出“二李”画法之端倪。但目前有学者认为“二李”根本没有作过“金碧山水”，因此对他们的艺术尚有待更深入的研究。
李流芳,李流芳（1575－1629年），字茂宰，又字长衡，号檀园，又号香海，晚年自称慎娱居士。其先为歙县（今安徽歙县）人，侨居于嘉定（今属上海），与唐时升、程嘉燧、娄坚并称为“嘉定四先生”。往来于常熟间，与钱谦益相友善。明万历三十四年（1606年）举人，后因阉宦专权，遂绝意于仕途。为人以孝友称于时，文品更为士林所翘楚。工诗，擅书法，尤精篆刻，与何震齐名。复工画，善山水，宗法宋元，逸气飞动，颇具吴镇风神。为“画中九友”之一。山水画技法名，“三远”之一。出自北宋郭熙《林泉高致》之说：“山有三远：自山下而仰山巅，谓之高远，自山前而窥山后，谓之深远，自近山而望远山，谓之平远。”
李迪,李迪（生卒年不详），河阳（今河南孟县）人，为南宋孝宗、光宗、宁宗三朝画院画家。擅画花鸟、走兽、竹石，长于写生。画史记述他画鸠“作寒冷状，精俊如生”，画Wo“翘翘欲起”，树石画法近崔白、李唐。亦作山水小景，不如花鸟精工。占卜日期。殷人记日用天干（甲乙丙丁戊己庚辛壬癸）与地支（子丑寅卯辰巳午未申酉戌亥）相配，从甲子到癸亥，六十干支一轮回。本版第二句卜辞省略了占卜日期。
杜琼,杜琼（1396―1474年），字用嘉，号鹿冠老人，世称东原先生，江苏吴县(今苏州)人。出身明贤之家，少从五经博陈继学经，后陈继被荐召，他奉师命开门授徒，赵同鲁、沈贞吉、沈周都是他的门生。曾先后受荐参修《成祖实录》和《宣宗实录》，并与乡绅同撰地方志。其为人清高，终身不仕，广交名儒文士，吟诗作画，悠然自适。善画山水，远师董巨，近习元四家，笔墨蕴藉含蓄，早年风格细润秀逸，晚年苍茫荒率，得吴镇笔意。其画风和绘画理论对吴门画派具有深远的影响。有《东原集》、《耕余杂录》传世。善画山水、人物，风格略近王蒙，笔力清劲，岩峦郁茂，是文派的重要传人。
杨大章,杨大章（1491―1568年），字克文，号斗山，清安徽怀宁人。清乾隆三十年（1765年）以善画为内廷供奉。擅长画精细人物、花卉、草虫，设色修洁。乾隆三十六年（1771年）作《仿刁光胤写生》册，五十六年（1791年）作《白鹰图》，又有《仿宋人金陵图》卷。
林椿,林椿（生卒年不详），钱塘（今浙江杭州）人。孝宗淳熙（1174－1189年）时为画院待诏，由于其画艺高超，受赐金带。所绘花鸟、果品、草虫小品为多，画法远师赵昌，近取李迪，时人赞为“极写生之妙，莺飞欲起，宛然欲活。”
林良,林良（1415-1480年），字以善，南海（今广东广州）人，明代宫廷画师。擅画花鸟，是明代“院体”花鸟画之代表，亦是水墨写意画派的开创者。
查士标,查士标（1615―1698年），字二瞻，号梅壑、懒老，安徽休宁人。擅山水，宗法元人倪瓒、吴镇。用笔疏简超逸，意境荒寒清旷。与渐江、孙逸、汪之瑞并称“新安四大家”（又名“海阳四家”）。著有《种书堂遗稿》。
梁师闵,梁师闵（生卒年不详，约活动于11世纪至12世纪初），字循德，汴梁（今河南开封）人。宋徽宗时官至左武大夫、忠州刺史。工诗文书画，尤善花鸟翎毛。
梁楷,梁楷（约公元12-13世纪），南宋画家。祖籍山东，寓居钱塘（今浙江杭州）。曾任画院待诏，擅画人物、道释、鬼神、山水等。性情狂放，有“梁疯子”之称。画风粗放简洁，有“减笔”和“细笔”两种体貌，尤擅减笔画。
梅清,梅清（1624―1697年），原名士羲，后改梅清，字渊公，号瞿山、敬亭山农，宣城（今属安徽省）人。清初画家、诗人。工诗善画，以画山水、松石、梅花著称，时有“画山水入妙品”，“松入神品”，画梅花“枝干奇古”之评。山水画大多是黄山景致，风格雄奇豪放，为宣城地区画坛领袖。梅清的山水画远承宋元诸家的遗绪，近学“元四家”和沈周的笔墨技法，又尝与石涛相互切磋画艺，故功力尤深。他的创作最重师法自然，曾在各地游历名山大川，终日面对青山描摹写生。黄山和家乡宣城是梅清绘画中最着力表现的题材。著有《天延阁集》、《梅氏诗略》等书。
樊圻,
永w,永w（1752―1823年），字镜泉，号少庵、诒晋斋主人。清乾隆皇帝第十一子，封成亲王。工诗文。书法初师赵孟\、欧阳询，后涉足前代诸家，深得古人用笔之意。精真、行二体，兼及篆、隶，名重当时，为“乾隆四家”之一。刻有《诒晋斋帖》。
永,1743-1790，号九思主人。山水由王时敏、王原祁，上窥黄公望，花木师明陆治。代表作品有 《古柏垂藤图》等。著有《九思堂诗钞》。
汤禄名,
汤f,汤f（1822―1870年），字东笙，阳湖（今江苏常州）人。寄籍顺天（今北京）。九试京兆不第，以誊录议叙，官山东牟平知州，与吴咨同时齐名。书工行草，画善花卉翎毛，疏淡幽逸，精写生，不为先匠所拘。著《艳秋阁集》。
汪士慎,汪士慎（1686―1762年），字近人，号巢林，别号溪东外史、晚春老人等，原籍安徽歙县，久居江苏扬州。擅诗文书画，为“扬州八家”之一。书法以分隶最工，宗法汉人。晚年双目失明，但仍能书画，金农谓其“盲于目不盲于心”。亦精篆刻。著有《巢林诗集》行世。
汪承霈,汪承霈（?―1805年），字受时，一字春农，号时斋，别号蕉雪，安徽休宁人。清乾隆十二年（1747年）举人，汪由敦之子。官至兵部尚书。善诗文，能书，工画山水、人物及花卉，兼长指画。
汪洛年,汪洛年（1870 - 1925年），字杜耆，又号瓯客，浙江钱塘（今杭州）人，久居淮上。善于画山水，气韵清逸，与沈塘齐名；后学四王，淡雅超逸。鄂督张之洞聘其任两湖师范等校图画教员，随后名震大江南北。代表作有《寒庐茗话图》长卷。
沈周,沈周（1427―1509年），字启南，号石田，晚号白石翁，长洲（今江苏苏州）人。世代隐居吴门，父亲恒古、伯父贞吉均善画。他早年承受家学，兼师杜琼，后博学宋元诸家，自成一格。一生布衣，优游林下，为人敦厚，笃于友谊，性情随和，胸襟磊落，是吴中众望所归的贤达长者。绘画上擅长山水、花鸟，尤以山水著称，有粗、细两种面貌。早年主宗王蒙，上追董、巨，以细笔为主；40岁以后博取诸家，着意于黄公望，风格逐渐变粗，形成粗笔风貌；60岁后汲取吴镇画法，笔墨疏简苍劲，格调雄健宏阔。其成熟时期的山水，笔墨上既吸收了宋院体和明浙派的硬度和力感，又保留了元人的含蓄笔致，于苍中带秀，刚中见柔。构图造境方面，无论繁复或简略，都强调山川宏阔之“势”，一改元人空寂之境，又着意于朴实的“质”，于拙中藏巧。他开创了“吴派”画风，与文徵明、唐寅、仇英并称“吴门四家”。
沈喻,
沈士充,沈士充（16-17世纪，生卒年未详），字子居，松江（今上海）人。擅长画山水和白描人物，笔法松秀，墨色华淳。正宗松江画派，常为董其昌代笔；后为云间派领袖，学巨然、黄公望，仿民家之作，形神兼备。代表作有《仿古山水图》和《秋林水阁图》。
沈振麟,沈振麟（生卒年不详，生活于19世纪），字凤池，一作凤墀，元和（今江苏省吴县）人。他以创作题材广泛，花鸟虫鱼人物山水各臻其妙，笔法工细写实而成为晚清重要的宫廷画家。任如意馆画作首领数十年。
沈时,
沙馥,沙馥（1831－1906年），字山春，吴县（今江苏苏州）人。工绘人物、花卉，笔墨清丽雅淡。李白（701―762年），字太白，一字长庚，号青莲居士。祖籍陇西成纪（今甘肃天水附近），出生于碎叶（今苏联托克马克）。玄宗天宝元年（742年）因荐召翰林供奉，遭谗出京。游历江湖，纵情诗酒。以后坐永王之乱流夜郎，中途遇赦，还依族叔李阳冰，后以病卒。李白是唐代的伟大诗人，亦擅书，他的诗创造性地运用了一系列浪漫主义手法，使内容和形式达到了完美的统一，被世人称为“诗仙”。诗文收入《李太白集》。亦称“士夫画”，泛指中国古代社会中文人、士大夫创作的绘画，以区别于民间和宫廷绘画，在北宋经苏轼、文同等人倡导，遂大行其道。文人画多取材于山水、花鸟，标举“士气”，讲求笔墨情趣，强调神韵，并重视文学修养，对绘画中意境的表达以及水墨写意等技法的发展有相当大的影响。
法常,法常，号牧溪，四川人，约生活于宋末元初。喜画龙虎、猿鹤、禽鸟、山水、树石、人物，不曾设色，多用蔗查、草结，又随笔点墨，意思简当，不费妆缀。松竹梅兰，不具形似；荷鹭、芦雁，具有高致。牧溪的绘画，国内收藏甚少，大部分作品被当时留学中国的日僧携往日本，牧溪被作为禅画艺术的宗师在日本享有无上崇高的声誉，其粗率简劲、萧散虚和、深蕴禅机的画风，对日本水墨画产生了直接和深远的影响，甚至被尊为“画道的大恩人”。
法若真,法若真（1613―1696年），字汉儒，号黄石，山东胶州（今胶县）人。清顺治三年（1646年）中进士，后曾任安徽布政使一职。作为传统文人，他学识不凡，长于诗文写作，但真正使他扬名于世的当数其书画艺术。他善于创作山水画，笔墨富于动感，形成了独树一帜的艺术风格。其书法随意所为，自成一格。著有《黄山诗留》。
清宫廷画家,
潘季驯,浙江乌程(今浙江省湖州市)人.先后四次担任河漕总督，负责治理黄河、淮河、运河达27年之久。
焦秉贞,焦秉贞（生卒年不详），字尔正，山东济宁人。天主教传教士汤若望的门生。清康熙时曾任钦天监五官正。善绘肖像，以画“御容”称旨，供奉内廷。当时的钦天监中多有西方传教士，焦秉贞从他们那里学到了西方画法，并付诸实践。其所画山水、人物、楼观均用透视明暗画法，别具面目。
王允安,
王原祁,"王原祁（1642―1715年），字茂京，号麓台、石狮道人，江苏太仓人，王时敏之孙。清康熙九年（1670年）进士。因画艺，被召供奉内廷，深受皇室青睐，地位显赫，任书画总裁和《万寿盛典》总裁，官至户部侍郎，故称“王司农”。他擅画山水，其绘画艺术承绪家学，自幼得到祖父王时敏的刻意指导，一生倾注于笔墨施运的营求中，自称笔端有“金刚杵”,画风中年秀润，晚年苍浑。与王时敏、王鉴、王E合称“清初四王”。王原祁做为“四王”中最年轻的一位画家，秉承家学，追摹古法，在不懈创作的同时，以同样方法再授弟子，对山水画的发展及“娄东派”的形成起到重要作用。其对绘画的影响一直延续到清中、后期“小四王”（王昱、王愫、王宸、王玫）、“后四王”（王三锡、王廷之、王廷国、王鸣韶）。“四王”的绘画创作继承明末董其昌的绘画理论和实践，力图集古人之大成，被确立为正统画派。追随王原祁的画家众多，形成“娄东派”，几乎独占了当时的画坛。著有《雨窗漫笔》、《扫花庵题跋》等。"
王居正,王居正（生卒年不详），乳名憨哥，河东（今山西永济）人，北宋著名画家王拙之子。北宋大中祥符年间（1008－1016年），被招募至汴京（今河南开封）参与皇家宫殿的营造工程。其作画注重写实，落笔前反复观察，认真思考，力求于创作中真实地再现客观对象。后隔水是本幅后面一段绫裱，与前隔水都是装裱手卷必须的一部分加工装饰。或称“隔界”，是为了使“天头”、“引首”与“画心”不致紧接在一起而相隔的镶条，亦增加了美观之效果。生于四川省内江，祖籍广东番禺。1917年与二哥善孑孑留学日本，1919年回国后从曾熙、李瑞清学书画，1941年赴敦煌石窟临摹壁画，开学习敦煌画之先河，这对其产生了巨大的影响。亦曾大量临摹各种流派，如石涛、朱耷、徐谓、陈淳及宋元诸家。其画风多样，人物、山水、花鸟皆能，显示出多才多艺的艺术风范。1949年后迁移海外，先后在阿根廷、巴西、美国居住，1978年定居台北。
王履,王履(约1332―1391)，字安道，号畸叟，又号抱独老人、奋翁，江苏昆山人，明初著名画家、医学家。
王希孟,王希孟（生卒年不详），北宋宫廷画家，关于他的生平及相关资料史籍上均无记载，这种情况在历代宫廷画家中是较常见的。所幸在其创作的《千里江山图》卷后有与他同时代的北宋徽宗时期著名权相蔡京的一段题跋，为我们今天的研究保留了一点可贵的资料。跋云：“政和三年四月八日赐。希孟年十八岁，昔在画学为生徒，召入禁中文书库，数以画献，未甚工，上知其性可教，遂诲谕之，亲授其法。不逾半岁，乃以此图进。上嘉之，因以赐臣。京谓天下士在作之而已。”通过蔡京这段题跋，我们可以了解到一些关于王希孟的信息。跋中所称政和三年（1113年）可能即《千里江山图》卷完成的年代，此时王希孟年18岁，如该图确是此年所作，则王希孟生年约在1095年。他约于16、17岁时进入画院作生徒，且原有一定的绘画基础，后又进入文书库，并多次向徽宗皇帝献画，虽不甚工，但亦因显示出一定的才能而被徽宗看重，得徽宗亲授画技而终有所成就，绘出了《千里江山图》卷这一千古绝作。从《千里江山图》卷看，王希孟的绘画技法主要是继承了盛唐时期二李将军的青绿山水画法，并且在这一基础上有所变化，形成了较为新颖独特的青绿山水绘画技法的风格，具有一定的创新意义。关于王希孟创作此图之后的事，在宋元时期的文字资料中都未见提及，只是在清代宋荦《论画绝句》的附注中说，王希孟完成此卷后不久便溘然离世了。此说虽不知根据来源，但从后世流传的作品中再未见王希孟之作、且未见任何文字记载这了的这幅独步当世、且后无来者的绝世珍品――《千里江山图》卷，确是艺林之幸事。山水画的一种。用矿物质石青、石绿作主色的山水画。其特点是着色浓重，装饰性强。存世最早的作品是传为隋代展子虔的《游春图》卷（藏北京故宫博物院）。唐代的李思训、李昭道，宋代的赵伯驹、赵伯X等画家均以青绿山水画而名闻于世。山水画技法名，“三远”之一。出自北宋郭熙《林泉高致》之说：“山有三远：自山下而仰山巅，谓之高远，自山前而窥山后，谓之深远，自近山而望远山，谓之平远。”
王振朋,王振朋（生卒年不详，约活跃于14世纪初期），字朋梅，原籍会稽（今浙江绍兴），后迁居永嘉（今属浙江省），曾在南宋担任过官职，入元后，因其画艺极受元仁宗赏识，于延v年间在宫内秘书监供职，皇帝赐号“孤云处士”，后任官漕运千户。王振朋在宫内得以观览古代名画，技艺大进。他擅长画人物和楼阁界画。
王敬铭,王敬铭（1668―1721年），字丹思，一字丹史，号味闲、玉溪、吴等，嘉定（今属上海）人。清康熙四十六年（1707年），康熙皇帝南巡时进诗画称旨，入职畅春园。纂修武英殿，书成，议叙不就。五十二年（1713年）以进士第一及第，充五十四年（1715年）会试同考官。与王原祁同谱，山水即受其法，清腴闲远，书卷之气溢于楮墨。工小楷，为王原祁四大弟子之一，有《未岩诗稿》。
王时敏,王时敏（1592―1680年），字逊之，号烟客，晚号西庐老人，江苏太仓人。其祖父是明礼部尚书兼文渊阁大学士王锡爵，父亲是明翰林编修王衡。明万历二十九年（1601年）举进士，崇祯初以荫仕至太常寺卿，崇祯十三年（1640年）辞官隐居，入清不仕。工隶书，善画山水，以元黄公望、倪瓒为宗，又受董其昌影响。他极力主张恢复古法，反对自出新意，是清初画坛正统派的领袖，后世称“娄东派”，与王鉴、王石谷、王原祁合称“四王”，位列“清初四王”之首，在当时有很大影响。山水画技法名，“三远”之一。出自北宋郭熙《林泉高致》之说：“山有三远：自山下而仰山巅，谓之高远，自山前而窥山后，谓之深远，自近山而望远山，谓之平远。
王概,生卒年不详，初名改，亦名丐，字东郭，又字安节，明末清初秀水（今浙江嘉兴）人，久居江苏金陵（今南京）。一生专心艺事，不入仕途，以卖画为生。山水学龚贤，黑色疏淡浓墨相间，皴点粗放，苍劲深厚。尤善画大幅山水及松石，与当时名流汤燕生、李渔、程邃、孔尚任、周亮工等交往。王概兼擅治印、刻竹，并善诗文，著有《澄心堂纸赋》称于时。乾隆十六年（1751年）弘历南巡，徐扬恭献图册，得到皇帝的赏识并因此入宫供奉，在如意馆供职达26年之久。擅长人物、花鸟、楼阁，官至内阁中书。
王泽,1759-1842，字子卿，一字润生。芜湖【今安徽芜湖】人。山水笔墨得董其昌、王鉴神髓。著有《观斋集》。
王炳,生卒不详，师从张宗苍【公元一六八六年- 公元一七五六年】，工山水。
王玉燕,
王绎 倪瓒,王绎（生卒年不详），字思善，号痴绝生，祖籍睦州（今浙江建德）人，俞剑华《中国美术家人名辞典》作河南睦县，寓居杭州。十二、三岁时即能画肖像，后得吴中顾逵指授，画艺更进。所作人物肖像多以线描，少晕染，创作时非使人正襟危坐，而是于谈笑间记取形貌，落笔传神，极具特色。王绎还将他的人物肖像画创作方法撰成《写像秘诀》一文，成为我国古代早期关于肖像画创作技法的重要著作。存世作品极少，目前仅见此幅与倪瓒合作的《杨竹西小像》卷一件。倪瓒（1301―1374年），字元镇，号幼霞，别号云林子等，无锡（今属江苏省）人。家境豪富，筑“云林堂”、“清s阁”，收藏图书珍玩。工诗文，善画山水、竹石，长于书法，谙熟音律。中年以后，既信奉道教，又崇尚佛学，他在诗中自述：“嗟余百岁强半过，欲借玄窗学静禅”。到了晚年，索性卖去田宅，疏散财产，弃家遁迹，“扁舟蓑笠，往来湖泖间”，过着“不事富贵事作诗”的超然于物外的隐逸生活，思想愈加空寂。其山水宗法董源，参以荆浩、关仝笔法，用笔方折，创“折带皴”写山石，画树木兼师李成。所作多取材于太湖一带景色，意境清远萧疏，自谓“逸笔草草，不求形似”，画风对明清文人水墨山水画影响颇大。书法从古隶入手，又以二王为宗。后人把他和黄公望、吴镇、王蒙并称为“元四家”。人物画的一种，专指描绘人物相貌形神的绘画，可分为头像、半身像、全身像、群像等。中国的肖像画传统称谓有“传神”或“写真”，它是以现实生活中或历史上客观存在的人物为描绘对象，通过以形写神、迁想妙得等创作方法，着重刻划人物本身特定的外形特征和内在神韵，获得形神兼备的效果。富藏书画等古名物，在明代私家收藏中堪称巨擘。精鉴赏。常见主要印记有“项元汴印”、“子京”、“d李项氏世家珍玩”、“神品”等。宋权之子。康熙年间以父荫入仕，官江苏巡抚，后累升至吏部尚书，加太子少师。为官以清节著名于时。博学多识，精鉴藏，工诗词古文，与王士祯齐名。所藏皆古人名迹及一时名家名作，朝夕研习，耳濡目染，遂悟画法，所作兰竹亦极超妙。著有《西陂类稿》、《枫香词》、《漫堂墨品》、《沧浪小识》等书行世。清光绪十二年（1894年）进士。极富收藏。编撰《壮陶阁书画录》。
王,王（1632─1717），字石谷，号耕烟散人、剑门樵客、乌目山人、清晖老人等。江苏常熟人。论画主张“以元人笔墨，运宋人丘壑，而泽以唐人气韵”。 “清初六家”之一。山水画方面独步清初画坛。
王E等,王（1632─1717），字石谷，号耕烟散人、剑门樵客、乌目山人、清晖老人等。江苏常熟人。论画主张“以元人笔墨，运宋人丘壑，而泽以唐人气韵”。 “清初六家”之一。山水画方面独步清初画坛。
王致诚,
王诜,王诜(约1048―1104年前后)，字晋卿，山西太原人。出身贵胄，娶宋英宗女，为驸马都尉。与苏轼等人交往密切，常相与酬唱，探讨艺术。工诗文，长于书画，尤擅山水，师法李成。
王鉴,王鉴（1598-1677），字元照，号湘碧、染香庵主，有“王廉州”之称，太仓（今江苏）人。山水以元四家为宗，善使中锋，用墨浓润，风格沉雄，“清初六家”之一。
王铎,王铎（1592―1652年），字觉斯，号嵩樵、烟潭渔叟、痴仙道人等，孟津（今洛阳孟津县）人。明天启二年（1622年）进士，累官礼部尚书、东阁大学士。工诗文，能绘画。书法师钟繇、二王、颜真卿、米芾，尤得力于《淳化阁帖》，既浸淫于古法又有所创新。其书诸体悉备，最擅行、草书，笔法纵逸流畅，风格雄健险峻，是清初书法大家。刻有《拟山园帖》、《琅华馆帖》。《清史稿》有传。
王锡绶,王锡绶（生卒年未详），江苏常熟人。字分符，号养虚，擅长画山水、人物，笔意粗拙，别有意致。
王震,王震（1867-1938），字一亭，号梅花馆主、海云楼主，自署白龙山人，浙江吴兴人。早年师从徐小仓，后拜吴昌硕为师，其画风由任伯年之清新飘逸转向吴昌硕之沉雄凝重。晚期作品兼得任、吴二家风貌，既流动、潇洒，又凝重、沉雄。
盛茂烨,盛茂烨（17世纪，生卒年未详），号念庵，研庵，苏州人，善于画山水、人物，其画烟林清旷，清逸典雅。
石海,石海（1696-1775年以后），字星源，清代满洲镶白旗人。擅山水、花卉，笔致清秀，长于临摹。年七十余犹能作工细笔墨。
石涛,石涛（1642―约1718年），俗姓朱，明宗室靖江王朱赞仪十世孙，谱名若极，广西桂林人。明灭亡后，出家为僧，法名原济，字石涛，号清湘老人、苦瓜和尚等。工于诗文，擅绘山水、兰竹、花草及人物。其笔情纵恣凝炼，独具创新，对扬州画派和近、现代中国画的影响极大。与清初画坛朱耷、髡残、弘仁合称“清四僧”，著有《苦瓜和尚画语录》，针对画坛时弊提出诸多精辟见解。
祁序,祁序（生卒年不详）。据宋内府《宣和画谱》记载，他善作花竹禽鸟，又工画牛，有戴嵩笔法写实、妙得其真的遗风。其作品被宣和内府收藏并著录于《宣和画谱》者有44件。前隔水是本幅前面一段有装饰性的绫裱。或称“隔界”，是为了使“天头”、“引首”与“画心”不致紧接在一起而相隔的镶条，亦增加了美观之效果。自幼好学，善诗文，宽裕温和。大定十八年（1178年）受封金源郡王，始习女真小字及汉字经书。大定二十五年（1185年）父亲允恭死，袭原王，次年拜尚书右丞相。二十八年（1188年）世宗病疾，受诏摄政。二十九年（1189年）世宗死，即帝位，1189―1208年在位。即位后改进世宗朝各种制度，提倡尊孔读经，敕修《大金集礼》、《新定律令敕令敕条格式》和《辽史》等书，编辑案牍奏章长达2000卷。并令将女真字直译为汉文，后世称之为“尚志之君”。他在位期间黄河三次决堤，民力衰竭，各族起义不断，金朝的统治开始衰落。死后谥号英孝皇帝，庙号章宗。北宋皇帝徽宗赵佶所创的一种楷书字体，学唐代褚遂良、薛曜、薛稷而自具新意，成一家之法。
禹之鼎,禹之鼎（1647―1716年），字尚吉，号慎斋，江都(今江苏扬州)人。清康熙二十年(1681年)官鸿胪寺序班，以画供奉入畅春园。善画人物、山水，尤精写真。初师蓝瑛，兼学宋元诸家。肖像画面貌多样，对白描法、墨骨法、江南法都有研究，所绘人物形神兼备，独具一格，一时名公小像多出其手，其肖像画在清代中期有“当代第一”之誉。
禹之鼎  恽寿平,禹之鼎（1647―1716年），字尚吉，号慎斋，江都(今江苏扬州)人。清康熙二十年(1681年)官鸿胪寺序班，以画供奉入畅春园。善画人物、山水，尤精写真。初师蓝瑛，兼学宋元诸家。肖像画面貌多样，对白描法、墨骨法、江南法都有研究，所绘人物形神兼备，独具一格，一时名公小像多出其手，其肖像画在清代中期有“当代第一”之誉。恽寿平（1633―1690年），又名格，字正叔，号南田、白云外史等，武进（今江苏常州）人。早年工绘山水，宗元人王蒙画风，笔墨清灵秀洁，意境萧散幽淡。后改绘花鸟，远师宋徐崇嗣，近学明人，注重写生，更发展了没骨技法。所画花鸟禽鱼很少用笔勾线，主要以水墨直接点染，追求天机物趣，一洗前习的画法而对后世花鸟画的创作影响极大，开创了“常州画派”。他与王时敏、王鉴、王、王原祁、吴历并称“四王吴恽”，亦称“清六家”。
秦炳文,
程嘉燧,程嘉燧（1565-1643年），字孟阳，号松圆、偈庵，其先为休宁（今安徽休宁）人，移居于杭州，后迁于嘉定（今属上海），晚年卜居于虞山（今江苏常熟）之拂水庄，名其室曰“耦耕”。所交俱一时名流，与李流芳、娄坚、唐时升并称为“嘉定四先生”。善画山水，学元代倪、黄二家，笔墨细净，风格清逸。工诗，风流典雅，为晚明大家。书法清劲，散朗生姿。著有《浪淘集》行世。
程正揆,程正揆（1604―1676年），字端伯，号鞠陵，晚号青G道人，湖北孝感人。明崇祯四年（1631年）登进士第，入清后官工部右侍郎。早年得董其昌指授，以枯笔山水见长。与石G并称“二G”。
童钰,童钰（1721-1782年），字二如，号二树、璞岩，浙江会籍人。与同乡结成诗社，吟诗作画，称越中七子。善于画山水花卉，尤其擅长画梅，并在画上题诗，被誉为二绝。受河南巡抚阿思哈聘请，纂修省志，久居开封。乾隆年间卒于扬州。
米友仁,米友仁（1074―1153年，一作1086―1165年），南宋书画家。一名尹仁，字元晖，晚号嫩拙老人，祖籍太原(今属山西)，迁襄阳(今属湖北)，定居润州(今江苏镇江)。米芾长子，人称“小米”。早年即以擅长书画知名，徽宗宣和四年（1122年）应选入掌书学。南渡后，官兵部侍郎，敷文阁直学士。高宗赵构曾命他鉴定法书，但其鉴别书画之际“往往有一时附会迎合上意者”。善行书，人谓其虽不逮其父，然如王、谢家子弟，自有一种风格。其山水画发展了米芾技法，略有变化，别具面目。用水墨横点，连点成片，构成“烟云变灭，林泉幽壑，生意无穷”的画面，强调“借物写心”，崇尚“平淡天真”，运笔草草，自称“墨戏”，对后来“文人画”中的笔墨纵放、脱略形状颇有影响。自题于《潇湘图》长卷中称：“夜雨欲霁，晓烟既泮，则其状类此，余盖戏为潇湘，写千变万化不可名神奇之趣。”
罗允夔,罗允夔（生卒年未详），江西吉水人，善画山水、人物和花鸟。
罗牧,罗牧（1622 - 1705年），字饭牛，江西宁都人。久居南昌，早年曾向同乡魏书学画，后自己钻研黄公望、董其昌等人画法，逐渐创立独家风格，在江淮有一定的影响，其画风为“江西派”。擅长楷书，能诗饮酒，并善于制茶。代表作有《林壑萧疏图》 。
罗聘,罗聘(1733―1799年)，字q夫，号两峰，又号花之寺僧等。原籍安徽歙县，其先辈已迁居扬州。博闻好学，20余岁随金农学画，常为之代笔。曾三赴京师，因画《鬼趣图》轰动当时文坛，其才华横溢。人物、花鸟、山水兼善，画法受金农、石涛、华岩等人的影响，笔力雄厚，以清奇、拙奥、生冷见长。他所画人物造型准确，尤精于画鬼，借以揭露世态。花鸟尤以梅花突出，其妻方婉仪及子均工画梅，被称为罗家梅派。
胡,胡（生卒年不详），五代后唐画家，山岳契丹乌素固部落人，居范阳(今河北涿县)。他擅画北方游牧民族的骑猎活动。
胡锡,胡锡（1858－1890年），原名文，字三桥，号红茵馆主，江苏长洲（今苏州）人。工绘仕女，师法清华牵笔墨秀逸清雅。擅花卉，仿清恽寿平没骨画风，具有闲适恬淡之意趣。
艾启蒙,艾启蒙(1708―1780年)，字醒庵，原名IgntiusSickltart，波西米亚(今属捷克)人，天主教耶酥会传教士。乾隆十年(1745年)来华供奉内廷。他在清宫师从郎世宁，专擅绘人物、走兽和翎毛，力图在技法上达到中西合璧，在宫中产生了一定的影响。
苏宜,苏宜（生卒年未详），字仲展。善画山水。代表作有《雪山旅行图》（1663年）和《蓝瑛山水图》（1688年）。
范珏,
萧晨,
董其昌,董其昌（1555―1636年），字玄宰，号思白，又号香光居士，华亭（今上海松江）人。明万历十六年（1588年）进士，官至礼部尚书，卒谥文敏。精于书画鉴赏，收藏很多名家作品，在书画理论方面论著颇多，其“南北宗”的画论对晚明以后的画坛影响深远。工书法，自谓于率易中得之，对后世书法影响很大。其书画创作讲求追摹古人，但并不泥古不化，在笔墨的运用上追求先熟后生的效果，拙中带秀，体现出文人创作中平淡天真的个性。加之他当时显赫的政治地位，其书画风格名重当世，并成为清代艺坛的主流。著有《画禅室随笔》、《容台集》、《画旨》等文集。
董,
董源,董源（公元10世纪），字叔达，钟陵（今江西进贤）人，曾在南唐时任北苑副使，人称董北苑。擅画山水，兼工人物、牛虎等。董源尤以山水画著名，多作江南山水，画风“平淡天真”，与巨然均为五代宋初水墨山水江南画派的代表人物。
董诰,董诰（1740―1818年），字雅伦，号蔗林，清浙江富阳人。乾隆二十八年（1763年）进士，官至内阁学士，充四库馆副总裁。甚得高宗、仁宗宠遇。
董邦达,董邦达（1699―1769年，《桐荫论画》定其卒年为1774年），字孚存，一字非闻，号东山，浙江富阳人。清雍正十一年（1733年）进士。乾隆二年（1733年）授编修，参与编修《石渠宝笈》、《秘殿珠琳》、《西清古鉴》等书。官至礼部尚书。善书画，书法擅长篆隶，颇得古法，山水宗法元人，善用枯笔。有评者谓其可与五代董源、明代董其昌并驾。他长年服务于宫廷，为乾隆时期著名的词臣书画家。卒谥文恪。
蒋乾,蒋乾（1525―？年），字子健，江宁（今江苏南京）人。其父蒋嵩擅画。寓吴郡（今江苏苏州）虹桥，破屋半间，以丹青自娱。工山水，清秀古雅。中国书画手卷的专业术语。指在本幅前面所留的空白纸方，一般用以题写书画名称或高度概括的品评，多为四字，与画心之间有隔水分开。因开卷时首先见其，故称“引首”，最早在明初出现。苏轼(1037―1101年)，字子瞻，号东坡居士，眉山(今属四川)人。苏洵次子。北宋文学家、书画家。仁宗嘉v二年(1057年)进士。熙宁时任祠部员外郎，知密州、徐州、湖州。因对王安石所行新政有异见，上书神宗，遂被贬谪黄州。元v间复起用，任翰林学士，出知杭州、颖州，官至礼部尚书。绍圣四年（1097年），党争又起，再谪惠州、儋州，最后北还，病殁常州，追谥“文忠”。与父洵、弟辙合称“三苏”。其文汪洋恣肆，明白畅达，为“唐宋八大家”之一。作诗清新豪健，善用夸张比喻，风格独具。词开豪放一派，对后世影响很大。擅长行书、楷书，得力于王僧虔、李邕、徐浩、颜真卿、杨凝式而自成家数。用笔丰腴跌宕，有天真烂漫之趣。与黄庭坚、米芾、蔡襄并称“宋四家”。能画竹，学文同，为湖州竹派之一。传说他画竹干从地直起至顶，并不分节绘写。尝在试院，兴到无墨，遂用朱笔写竹，后人竟效，称为“朱竹”。能作枯木、怪石、佛像，出笔奇古。论画力主“神似”，认为“论画以形似，见与儿童邻”，并提出“士夫画”(即文人画)之说。传世书迹有《答谢民师论文帖》、《祭黄几道文》、《前赤壁赋》、《黄州寒食诗帖》等。传世绘画有《古木怪石图》卷、《枯木竹石图》卷(与文同《墨竹图》卷合卷)，现藏上海博物馆。著有《东坡七集》、《经进东坡文集事略》等。苏轼于北宋元丰五年（1082年）十月中旬重游赤壁后作此文。文中写初冬之夜赤壁寂寥幽深之景。全文如下：是岁十月之望，步自雪堂，将归于临皋。二客从予，过黄泥之坂。霜露既降，木叶尽脱。人影在地，仰见明月。顾而乐之，行歌相答。已而叹曰：“有客无酒，有酒无肴，月白风清，如此良夜何？”客曰：“今者薄暮，举网得鱼，巨口细鳞，状如松江之鲈。顾安所得酒乎？”归而谋诸妇。妇曰：“我有斗酒，藏之久矣，以待子不时之需。”于是携酒与鱼，复游于赤壁之下。江流有声，断岸千尺，山高月小，水落石出。曾日月之几何，而江山不可复识矣！予乃摄衣而上，履f岩，披蒙茸，踞虎豹，登虬龙，攀栖鹘之危巢，俯冯夷之幽宫，盖二客不能从焉。划然长啸，草木震动，山鸣谷应，风起水涌。予亦悄然而悲，肃然而恐，凛乎其不可留也。反而登舟，放乎中流，听其所止而休焉。时夜将半，四顾寂寥。适有孤鹤，横江东来，翅如车轮，玄裳缟衣，戛然长鸣，掠予舟而西也。须臾客去，予亦就睡。梦一道士，羽衣蹁跹，过临皋之下，揖予而言曰：“赤壁之游乐乎？”问其姓名，俯而不答。“鸣呼噫嘻！我知之矣！畴昔之夜，飞鸣而过我者非子也耶？”道士顾笑，予亦惊寤。开户视之，不见其处。
蒋予检,蒋予检（生卒年未详），字矩亭，河南睢州（今睢县）人。道光二年（1822年）举人，官至江西景德同知。与何绍基友善，书法兼有颜、柳韵味，善于画兰，纵横堰仰，别有姿态。其书画扇作品极具品味。
蒋嵩,蒋嵩，生年不详，约卒于嘉靖初年。号三松，金陵（今江苏南京）人。擅画山水、人物。山水初学元代吴镇之法，后宗吴伟，善用焦墨枯笔，是浙派后期重要画家。亦称“士夫画”，泛指中国古代社会中文人、士大夫创作的绘画，以区别于民间和宫廷绘画，在北宋经苏轼、文同等人倡导，遂大行其道。文人画多取材于山水、花鸟，标举“士气”，讲求笔墨情趣，强调神韵，并重视文学修养，对绘画中意境的表达以及水墨写意等技法的发展有相当大的影响。
蒋廷锡,蒋廷锡（1669―1732年），字扬孙，号西谷，又号南沙，江苏常熟人。康熙四十二年赐进士。雍正元年，世宗胤G敕其校勘重编《古今图书集成》，三年告竣。六年授文华殿大学士充《圣祖实录》总裁，十年卒于任上。著有《尚书地理今释》、《青桐轩集》等。
蒋淑,
蓝瑛,蓝瑛（1585―约1666年），字田叔，号H叟、石头陀、西湖山民等，钱塘（今浙江杭州）人。擅画山水，早年以摹古为主，宗法唐宋元诸家，尤以习元黄公望、明沈周最有心得，笔致工整细润，墨色清淡妍静。中年于传统的绘画基础上形成自己的绘画面貌，笔墨苍劲雄浑，于疏简粗旷的线条组合中表现高峻突兀的江南葱郁之景。钱塘又称武林，后人将蓝瑛和从其学画的刘度、蓝孟、蓝深等合称“武林画派”。
蔡嘉,1686-1779，字松原，一字岑州，号雪堂，一号旅亭，又号朱方老民、云山过客、菜畦老圃。。丹阳（今江苏镇江）人花卉、山石、翎毛、虫鱼，无一不能，尤擅青绿山水。与高翔、汪士慎、高凤翰、朱冕等交往， 研习诗、画于所居“高寒旧馆”，时称“五君子”。代表作品有《蕉窗夜雨图》、《春江叠嶂图》、《山水图》、《秋夜读书图》。
薜素素,
虚谷,虚谷（1824―1896年），姓朱，名怀仁，出家为僧后以虚谷名，号紫阳山民、倦鹤等，祖籍安徽新安（今歙县），寓居扬州、苏州、上海等地，卖画为生。能诗擅画，工于书法，尤以善绘瓜果鱼蔬、人物、山水等为人称道。
袁尚统,袁尚统（1570-1661年后），字叔明，吴县(今江苏苏州)人。其山水画功力深厚，比人物画技法野放，颇得宋人笔意。宋嘉定九年（1216年）。
袁杓,袁杓（生卒年不详），字绍衣，扬州人。未见画史记载，绘画风格与袁江、袁耀相近似，可能为袁氏后人。
袁江,袁江（约1671―1746年以后），字文涛，江都（今江苏扬州）人。擅画山水楼阁。早年师法仇英，中年时曾得无名氏画谱，技艺大进。其界画在清代被推为第一。
袁耀,袁耀（生卒年不详，约活动于18世纪中期），字昭道，江都（今江苏扬州）人，袁江之子。生平资料很少，《画人补遗》一书中称其“山水楼阁尚能守家法”。工于山水楼阁界画，继承了唐宋及明代仇英青绿山水的画法。笔墨严整工细，设色艳丽浓郁，与袁江同为清代界画代表人物。
许光祚,
谢彬,谢彬（1602－1680年后），字文侯，浙江上虞人，寓居钱塘（今浙江杭州）。工写真，师事曾鲸，得其真传，为波臣派重要画家。《图绘宝鉴续纂》称其：“善写小像，一经彼笔，世无俗面，至于数人合幅，或举家全庆，神情浃洽，眉目照映，海内称首望也。”在曾鲸为数众多的弟子中，唯其名闻海内，价重艺林，为时所称。间作山水，宗法吴镇，笔墨苍浑。清康熙十九年（1680年）为乐圃作《青崖泼墨图》册，时年79岁，说明此时尚在世。与项圣谟等文人、画家相友善，这一点与曾鲸相似。
谢时臣,谢时臣（1487-1567年后），字思忠，号樗（chu，音初）仙，江苏苏州人。喜欢吟诗作画，其画师法沈周，而稍变其意，擅长作巨画，气势宏大而不失秀雅，尤其善于画江潮湖海，特别喜欢画雪景。代表作有《雪山行旅图》、《溪山霁雪图》和《杜陵诗意图》等。
谢遂,谢遂（生卒年不详，约活动于18世纪中期）。清代乾隆年间宫廷画家，擅长画人物、楼阁，有《职贡图》和许多描绘园林楼阁的作品传世。
费丹旭,费丹旭（1802―1850年），字子苕，号晓楼、环溪生、偶翁，乌程（今浙江湖州）人。自幼从父珏（芝原）习画，擅绘仕女，笔致轻灵淡雅，颇得女性娟秀之美、柔弱之态。工于肖像，以如镜取影、情神酷肖为人称道。亦能山水、花卉，取法恽寿平，笔墨洁净清丽，具闲散意趣。长年流寓上海、江浙一带，交游于文士间，艺术修养广博深邃。
费以耕等,费以耕，生卒年不详。字馀伯，乌程（今浙江吴兴）人，费丹旭（1801―1850年）长子。画承家学，仕女幽静，兼工花鸟。对后世肖像画和年画影响较大。
赵伯驹,赵伯驹（生卒不详），宋代画家，字千里，宋宗室。主要活动在12世纪中前期。工山水、花果、翎毛、楼台，青绿山水尤善。他将水墨山水的趣味与技法融入唐代李思训、李昭道父子的大青绿画法中，形成了一种介于院体画和文人画之间的“精工之极，又有士气”的风格。
赵伯X,赵伯X(1124--1182年)，字希远，宋宗室，赵伯驹弟，官至和州防御史，曾以副使身份出使过金国。他擅长青绿山水，出自唐代李思训的传派并自成一体。
赵佶,赵佶（1082―1135年），即宋徽宗，北宋皇帝、书画家。在位时广收历代文物、书画，极一时之盛，亲自主持翰林图画院，编辑《宣和书谱》、《宣和画谱》。能书善画，自创书法“瘦金体”。
赵士雷,赵士雷（生卒年不详），字公震。宋宗室，曾任襄州观察使等职。善作湖塘小景，清雅可爱，有诗人思致，为时人推重。为宋内府《宣和画谱》著录的作品有51件。前隔水是本幅前面一段有装饰性的绫裱。或称“隔界”，是为了使“天头”、“引首”与“画心”不致紧接在一起而相隔的镶条，亦增加了美观之效果。在位时广收历代文物、书画，极一时之盛，亲自主持翰林图画院，编辑《宣和书谱》、《宣和画谱》。
赵孟坚,赵孟坚（1199―1264年），字子固，号彝斋，浙江海盐人。宋宝庆二年（1226年）进士，官至翰林学士。擅画水仙、梅、兰、竹石。梅学扬无咎，竹师文同，并将文同画墨竹的笔法用于画墨兰。其墨兰画法对元、明、清画坛影响很大，被推为墨兰宗师。
赵孟\,赵孟\（音fǔ）（1254―1322年），元代画家、书法家，字子昂，号松雪、水精宫道人，吴兴（今浙江省湖州市）人。宋宗室，14岁时以父荫补真州司户参军，入元出仕，曾任翰林侍读学士、荣禄大夫等职，卒赠魏国公，谥文敏。他对诗文音律无所不通，书画造诣极为精深，乃元代的画坛领袖。其绘画取材广泛，技法全面，山水、人物、花鸟无不擅长。他倡导复古，强调“书画同源”，主张师法自然。书法钟繇、二王、李邕、宋高宗赵构以及历代诸家，篆、隶、真、草各臻神妙。其绘画、书风和书学主张对当代及后世影响巨大而深远。
赵左,
赵昌,赵昌（？―约1016年），字昌之，广汉（今属四川省）人，一作剑南人。北宋真宗大中祥符年间以擅绘闻名。他长于写生，擅画花果，多作折枝花，兼工草虫，在师法滕昌v笔轻色艳的基础上注重对景写生。范镇《东斋记事》记：赵昌“每晨露下时，绕槛谛玩，手中调彩色写之”。因此，又自号“写生赵昌”。其画敷色平滑，明润匀薄，与当时盛行的重彩厚色相异，有“作折枝有生意，傅色尤造其妙”（夏文彦《图绘宝鉴》）之誉。其大部分作品经宋徽宗多方征集收录于内府中。
赵澄绘,
赵芾,赵芾(生卒年不详)，芾，一作黻，京口（今江苏镇江）人。南宋画家。工绘山水窠石。高宗绍兴（1131--1162年）时居镇江的北固山，尝写金山、焦山，笔墨纵逸，跳出北宋院体绘画的窠臼。落款常仅写“芾”字，后人多误以为米芾。仅有《江山万里图》卷存世。
赵雍 王冕 朱德润等,赵雍（1291-1361年），字仲穆，湖州（今属浙江省）人。赵孟\次子。以父荫入仕，官至集贤待制（正五品）、同知湖州路总管府事。绘画有父风，山水、人物、花鸟、鞍马，皆其所长。兼工书法，真、行、草书承家学，其书有“精妙”之称。此外，他还是一位著名的书画鉴赏家。有《赵待制遗稿》一卷传世。
赵霖,赵霖(生卒年不详)，雒阳（今河南洛阳）人。金世宗朝（1161--1189年）供职朝中，善画
边寿民,"边寿民(1684―1752年)，原名维祺，字寿民，后以字行，更字颐公，号渐僧、苇间居士等，山阳（今江苏省淮安县）人。出身贫寒，终生不仕。工诗词书画，善画花鸟、蔬果和山水,尤以画泼墨芦雁而驰名江淮，有“边芦雁”之称。因常往来于扬州，曾被列为“扬州八怪”之一。出身孤苦，敏而好学。上元元年（760年），隐居浙江湖州杼山妙喜寺，与江南名僧皎然结为“忘年缁素之交”，史称“更隐茹溪”。其后，辗转于各地的名山大川，品茗弄泉，研创茶学，写就世界历史上第一部茶学专著――《茶经》。建中四年（783年），隐居信州广教寺（后改茶山寺，在今上饶市一中校园内）。贞元二十年（804年），在湖州青塘别业病逝，长眠于杼山。作为文学家、史学家和诗人，其有《杼山记》、《天竺、灵隐二寺记》、《武林山记》、《吴兴图经》、《南北人物志》、《湖州刺史记》等行世。"
邵弥,邵弥（1593―1641年），字僧弥，后以字行，号瓜畴，自称“瓜畴老人”，长洲（今江苏苏州）人。一生布衣，性情耿介超俗。工诗文、书法，画仿宋元诸家，格调高秀。当时著名词人吴伟业曾作《画中九友歌》，将其列为“九友”之一。
邹一桂,无锡(今属江苏省)人.他是清代的著名画家，工花卉。他绘花卉，或用重粉点瓣，或用淡色晕染，风格明净秀雅，生动自然。他还著有《小山画谱》，专论花鸟画法，对后世产生一定影响。
邹,邹矗金陵八家之一，活动于清顺治、康熙间。擅画山水花卉，风格工稳沉着，简淡清秀中饶有雄浑之气。
郁风,
郎世宁,郎世宁（1688―1766年），意大利米兰人，原名朱塞佩・伽斯底里奥内（GiuseppeCastiglione），青年时期受到系统的绘画训练，后来加入了欧洲基督教下属的宗教组织耶稣会，并于1714年（清・康熙五十三年）以传教士的身份离开欧洲来到东方，次年抵达澳门，起汉名郎世宁，继而北上京师，随即于康熙末期进入宫廷供职，开始了他长达数十年的中国宫廷艺术家的生涯。郎世宁在清宫廷内为皇帝画了多幅表现当时重大事件的历史画，以及众多的人物肖像、走兽、花鸟画作品，还将欧洲的焦点透视画法介绍到中国，协助中国学者年希尧完成了叙述这一画法的著作《视学》，成为当时东西方文化交流的重要使者。1766年7月16日（清乾隆三十一年六月初十日）郎世宁在北京病逝，终年78岁。
郎世宁等,郎世宁（1688―1766年），意大利米兰人，原名朱塞佩・伽斯底里奥内（GiuseppeCastiglione），青年时期受到系统的绘画训练，后来加入了欧洲基督教下属的宗教组织耶稣会，并于1714年（清・康熙五十三年）以传教士的身份离开欧洲来到东方，次年抵达澳门，起汉名郎世宁，继而北上京师，随即于康熙末期进入宫廷供职，开始了他长达数十年的中国宫廷艺术家的生涯。郎世宁在清宫廷内为皇帝画了多幅表现当时重大事件的历史画，以及众多的人物肖像、走兽、花鸟画作品，还将欧洲的焦点透视画法介绍到中国，协助中国学者年希尧完成了叙述这一画法的著作《视学》，成为当时东西方文化交流的重要使者。1766年7月16日（清乾隆三十一年六月初十日）郎世宁在北京病逝，终年78岁。
郑岱,
郑燮,郑燮（1693-1756），字克柔，号板桥，江苏兴化人，流寓扬州。擅长水墨竹兰，重视描写对象的真实情态，以书法笔意入画。所作形象生动，瘦劲挺拔，风格爽朗，意境深邃。“扬州八怪”之一。
郑珉中,
郑重,
郭熙,
金农,金农（1687―1763），字寿门、司农、吉金，号冬心先生、稽留山民、曲江外史、昔耶居士等，钱塘（今浙江杭州）人，布衣终身。“扬州八怪”之一。
金廷标,金廷标（生卒年不详）字士揆，乌程（今浙江湖州）人，少从父学。乾隆二十五年弘历南巡，他献画称旨，入了清宫，以作画供奉内廷。
金昆  程志道  福隆安,
钱慧安,
钱杜,钱杜(1764―1844年)，字叔美，号松壶，钱塘（今浙江杭州）人。清代中期著名画家和书画评论家。清嘉庆五年（1800年）进士，官主事。一生好游走，遍历云南、四川、湖北、河南、河北、山西等地。工诗文、篆刻，善画花卉、人物，尤工山水，面貌接近赵孟\、文徵明细笔一路。其笔墨因过于秀媚而略显雄浑不足。年75尚能作细笔山水及小楷书。风格清秀典雅，颇具灵性，有逸格之称。著《松壶画诀》、《松壶画忆》、《松壶画赘》等。家世武弁，自祖父起始以文显，父文林曾任温州永嘉知县。他幼习经籍诗文，喜爱书画，文师吴宽，书法学李应祯，绘画宗沈周。少时即享才名，与祝允明、唐寅、徐祯卿并称“吴中四才子”。然在科举道路上却很坎坷，从弘治乙卯（1495年）26岁到嘉靖壬午（1522年）53岁，十次应举均落第，直至54岁才受荐以贡生进京，待诏翰林院。四年中目睹官场腐败，一再乞归，57岁回归故里，潜心诗文书画。他通晓各科绘画之艺，擅长各种细粗之法，其目力和控笔能力极佳，80多岁时还能十分流利地书写蝇头小楷竟日不倦。绘画上与沈周共创“吴派”，又与沈周、唐寅、仇英并称“吴门四家”。书法上与祝允明、王宠并誉为“吴中三家”。
钱楷,
钱Y,钱Y（1509-1578年后），字叔宝，自号罄室，吴县（今江苏苏州）人。少孤贫失学，后游文彰髅畔卵习绘画，山水、兰竹爽朗精妙。平生留意吴中文献，曾手录古文金石书几万卷。
钱维乔,
钱维城,1720-1772，初名辛来，字宗磬，一字幼安，号幼庵，一号稼轩，又号茶山。武进【今江苏常州】人。初从祖母陈书学写意折枝花果，后经董邦达指授山水，遂变法。供奉清廷，为画苑领袖。代表作品有《江阁远帆图》、《御花园藻堂图》、《九秋图卷》等。著有《茶山集》。
钱载,钱载（1708-1793年），字坤一，号箨石、匏尊，晚号万松居士、百福老人，秀水（今浙江嘉兴）人。清乾隆十七年（1752年）进士，官礼部侍郎。学问渊懋，品行修洁。工诗，善写生。其设色花卉简淡超脱，大有徐渭、陈淳遗意。书法虽稍逊，亦秀逸可喜。晚年致仕卖画。著《箨石斋集》。
钱选,钱选，字舜举，号玉潭、清癯老人、巽峰，晚年更号溪翁，吴兴（今浙江省湖州市）人。生卒不详，主要活动在13世纪中后期至14世纪初。南宋景定（1260―1264年）年间的进士，入元不仕，遂寄情山水，流连诗酒，隐于绘事，终其一生。他是一位技法全面的画家，花鸟、山水、人物、鞍马无一不擅，且造诣颇深，时人有“老钱丹青当世无”的赞誉。元初，与赵孟\、王子中、陈式等人并称“吴兴八俊”。
阎立本,阎立本，生活于7世纪，约卒于唐高宗咸亨四年（673年），是唐朝初年的著名画家.他出生在一个艺术气氛浓郁的家庭内，父亲和兄长均是宫廷艺术家，擅长绘画和设计。在兄长去世后，阎立本接替他继续在宫中供职。根据现有的文字记载可知，阎立本的艺术活动与唐王朝的第二代皇帝李世民密切相关。阎立本年轻时，即在尚为秦王的李世民府中任职，并于唐武德九年（626年）绘制了为李世民夺取天下立过大功的18个谋士的肖像。唐贞观十七年（643年），阎立本又奉已即帝位的李世民之命，画了24位唐朝开国功臣的肖像，并悬挂在宫廷的主要殿堂凌烟阁内，称为《凌烟阁功臣像》。这组肖像画群充分展示了阎立本的绘画才能。阎立本在宫廷的地位日益重要，最终担任官职很高的右相。与他同时的左相为武将，曾在边庭屡立战功，所以当时人们称赞道：“左相宣威沙漠，右相驰誉丹青”。
阮郜,阮郜（生卒年不详），其事迹史书记载不详。《宣和画谱》只说他“入仕为太庙斋郎”。善画人物，尤工仕女，以《阆苑女仙图》传世得名。后隔水是本幅后面一段绫裱，与前隔水都是装裱手卷必须的一部分加工装饰。或称“隔界”，是为了使“天头”、“引首”与“画心”不致紧接在一起而相隔的镶条，亦增加了美观之效果。钱塘人氏，自幼好学能文，工于书法。因大学士明珠推荐，入内廷供奉。康熙十七年（1678年）始，代为书写密谕并纂辑讲章、诗文，深得康熙皇帝赏识。十九年（1680年）授为额外翰林院侍讲，升侍读，累至少詹士。二十八年（1689年）从康熙皇帝南巡，至其家西溪山庄，御赐“竹窗”榜额。后受弹劾退休回籍。康熙三十三年（1694年）复召来京修书，值南书房，官至礼部侍郎。四十二年（1703年）卒于家，谥文恪。康熙皇帝曾对其评价道：“士奇无战功，而朕待之厚，以其使朕学问增大也。”清代内务府简称“内府”，管理皇家事务。清代中央修纂图籍的管理机构――武英殿修书处隶属内务府管辖，故武英殿刊刻的书籍或翰林编修们缮写刊刻的图书习惯上称为内府刻本或内府写本。唐代画家，出身于官宦之家，曾任越州、宣州长史。擅绘佛道图像，因创制具典雅华丽特色的“水月观音”而被称为“周家样”。亦工人物肖像和仕女画，以画风写实、形神兼备而令世人瞩目。
陆治,陆治（1496―1576年），字叔平，吴县（今属江苏苏州）人。因居太湖之包山，号包山子，后隐居支硎山中。文徵明弟子，诗、文、书、画都有相当造诣，擅长画山水、花鸟，为“吴门画派”后期重要画家。花鸟画兼工能写，风格清秀。山水画笔墨劲峭，深受宋元人和文徵明影响而又创立了自己的风格。
陈仁先,陈仁先（1878-1949年），名曾寿，别号苍虬，湖北人，曾做过末代皇后婉容的老师，他家藏有元人吴仲圭画松，题曰“苍虬图”，鉴赏家称为神品，四十岁以后才开始学画，作画也以画松为多，风格颇似吴仲圭的苍虬图，著有《苍虬阁诗集》。
陈元素,
陈卓,陈卓（生卒年不详，约活跃于17世纪），字中立，北京人。明亡后，久寓金陵。工山水、人物，画风工整精细。画史评其有宋人精密之体，惜无元人灵秀之格。
陈及之,陈及之（生卒年不详），画史失载，号竹坡，富沙(今地名不详)人。应为民间文人画家，以白描人物见长，约活动于元仁宗(1285--1320年)朝，其活动中心在河北省中、南部。传统中国画的技法名称，指用墨线勾画物象，不施任何色彩者，名为“白描”。
陈嘉言,陈嘉言（1539－？），字孔彰，浙江嘉兴人。善写花鸟，画笔松秀，颇臻妙境。
陈宗渊,陈宗渊（生卒年不详），名F，后以字行，斋号“进修”，浙江天台人。永乐中以墨匠在翰林学书，官至刑部主事。工山水，亦能写真。
陈居中,陈居中（生卒年不详），南宋时期宫廷画家。在画史有关他的记载十分简略，元代夏文彦《图绘宝鉴》卷四中记有：“陈居中，嘉泰间画院待诏，专工人物、蕃马，布景著色，可亚黄宗道。”另据《画史会要》记载，陈居中曾在开禧三年（1207年）为崔丽人画像，悉知他在1207年尚任职于画院，并擅长画肖像。虽然有关陈居中的记载十分简单，但他留下的作品却比较多且十分精彩，这在南宋宫廷画家中是十分难得的。就目前所知确为其真迹的作品有《文姬归汉图》、《胡茄十八拍图》、《绝塞逢春图》、《进马图》、《四羊图》等。这些作品所表现的多为历史故事或少数民族风情题材，这与“专工人物、蕃马”的记载是相吻合的。这些作品的画法多样，技艺高超，笔法精细，形象传神，正如明人吴其贞在题陈居中《八骏图》时所评：“精彩逼真似唐画，系临史道硕、韩干之辈，为两宋人物第一神品也。”
陈师曾,"陈师曾（1876―1923年），又名衡恪，号朽道人、槐堂，湖南省凤凰人。湖南巡抚陈宝箴孙，著名诗人陈三立子。曾留学日本，归国后从事美术教育工作，善诗文、书法，尤长于绘画、篆刻。其山水画在承袭明代沈周、清代石涛技法的基础之上，注重师法造化，从自然景观中汲取创作灵感；写意花鸟画近学吴昌硕，远宗明人徐渭、陈淳等大写意笔法,画风雄厚爽健，富有情趣；人物画以意笔勾描，注重神韵，带有速写和漫画的纪实性。著有《中国绘画史》、《中国文人画之研究》、《染苍室印存》等。"
陈弈禧,"海宁(今属浙江)人,工诗擅画。"
陈枚,陈枚（约1694―1745年），字载东，号殿抡、枝窝头陀，娄县（今上海松江）人。他精于人物、山水、花鸟画创作，有深厚的中国传统绘画功底。雍正四年（1726年）入宫为专职画家。其作品在承袭中国传统绘画的基础上又深受郎世宁等西洋画家的影响，以中西结合的新画风备受世人瞩目。
陈栝,
陈洪绶,陈洪绶(1597―1652年)，字章侯，号老莲、悔迟，诸暨（今属浙江省）人。明代画家。早年受业于著名学者刘宗周、黄道周门下，1642年曾到北京为国子监生，授中书舍人，供奉内廷，不久即离京南归。明朝灭亡后，为躲避清兵，一度在绍兴云门寺出家为僧，自号悔迟，亦号老迟。后在杭州以卖画为生。工诗，擅画，山水、人物、花鸟无一不精。其画初受蓝瑛影响，后广泛临学古人，并大胆突破创新，所作人物、花鸟形象古拙，擅用夸张变形手法，独树一帜，为晚明变形主义绘画大师。与崔子忠齐名于南北，世称“南陈北崔”。其画风对后世有巨大影响。著《宝纶堂集》。
陈清波,陈清波（生卒年不详），钱塘(今杭州)人。南宋宝v年间(1253-1258年)曾任画院待诏。善画山水，多作西湖景。
陈璋,
陈继儒,陈继儒（1558―1639年），字仲醇，号眉公，又号糜公，华亭（今上海市）人。自幼颖悟，博学。终生不仕。工诗文，短翰小词皆有风致。擅绘水墨梅花、水仙、奇石等，与董其昌齐名。书法在苏、米之间。尤酷好东坡诗章文字，遇苏氏手迹、碑拓必刻意L求，集于《晚香堂帖》和《来仪堂帖》。编纂《松江府志》，著《眉公秘籍》、《妮古录》、《皇明书画史》。
陈道复,
韩,韩辏723―787年），字太冲，长安（今陕西西安）人。唐代贵胄和著名画家，官金紫光禄大夫、左仆射同平章事，德宗（李适）朝历任宰相、浙东西两道节度使，封晋国公。擅画人物和畜兽，以绘田家风俗和牛羊著称。《五牛图》卷（北京故宫博物院藏）是他的传世名作，造型准确，形态各别，用线粗劲质朴，设色轻淡沉着，具唐代风范，属韩暾婕Ｎ抟伞Ｓ置“拖尾”，是书画手卷的一部分，位于后隔水之后。用镶料纸接成，主要用以加大手卷的轴心圆周，以适于在手中把玩并起到保护画心的作用，同时可供鉴赏者题写跋语。
项圣谟,项圣谟（1597-1658年），初字逸，后字孔彰，号易庵，别号胥山樵等，浙江嘉兴人。收藏家和画家元汴之孙。善于画人物、花卉，尤其以山水见长，笔法秀逸，富于变化。特别喜欢画松树，有“项松之名满东南”之誉。代表作有《O云堂集》。
项文彦,"生不详,卒于1898,字幼平，号蔚如、钵池山人.山阳【今江苏淮安】人.山水近承王时敏、王鉴，远参黄公望、倪瓒。代表作品有《山水图》等."
顾恺之,顾恺之(公元四世纪)，字长康，小字虎头，晋陵无锡(今江苏无锡)人。义熙初官散骑常侍。博学多艺，工诗赋、书法，尤善绘画，凡人物、佛像、禽兽、山水皆能。时有“才绝、画绝、痴绝”之称。画师法卫贤，行笔细劲连绵，如春蚕吐丝，行云流水，出之自然。画人物尤善点睛，自云：“四体妍蚩，本无关于妙处；传神写照，正在阿堵(六朝人口语“这个”，即指眼珠)之中。”唐张彦远评其画：“意存笔先，画尽意在”。精通画论，著有《论画》、《魏晋胜流画赞》、《画云台山记》等书行世。他提出的“迁想妙得”、“以形写神”等著名论点，对中国绘画的发展有深远影响。
顾眉,
顾闳中,顾闳中（生卒年不详，约活动于10世纪），江南人。南唐后主时画院待诏，擅画人物，与周文矩齐名。前隔水是本幅前面一段有装饰性的绫裱。或称“隔界”，是为了使“天头”、“引首”与“画心”不致紧接在一起而相隔的镶条，亦增加了美观之效果。每逢正月十五日，即下人间校定人之罪福。中国书画手卷的专业术语。指在本幅前面所留的空白纸方，一般用以题写书画名称或高度概括的品评，多为四字，与画心之间有隔水分开。因开卷时首先见其，故称“引首”，最早在明初出现。
马和之,马和之，生于北宋，生卒年代均未见记载，钱塘（今浙江杭州）人。主要活动于北宋末至南宋初期。南宋高宗绍兴年间（1131―1162年）中进士第，官至工部侍郎。工画山水、人物、佛像，风格独特，笔法飘逸高古，迥异于南宋院体画法，时人目为“小吴生”。在表现山水、人物时，他更多地融入了一些书法的笔趣，古朴自然，务去华藻。有一种说法认为马和之是南宋画院画家，然而，根据目前所知资料，两宋画院画家自有其品秩，而无进士及第任官后尚充任画院画家者。此外，马和之的画风与院画的总体面貌也有相当大的差距。马和之宗法北宋李公麟而有所变化，表现人物所用线条较为短促，运笔迅疾，兰叶描已变为后世所称之“蚂蝗描”。因此，马和之不是南宋画院的宫廷画家，他以“艺精一世，命之总摄画院事”是有一定可能性的，但却并非服务于宫廷的职业画家，而应与李公麟等文人画家并列。
马守真,
马荃,
马远,马远（生卒年不详，南宋宁宗时期人，大约活跃于13世纪初期），字遥父，号钦山，祖籍河中(今山西永济)，生于钱塘（今浙江杭州）。其曾祖、祖父、伯、兄及本人均为画院待诏。从北宋一直延续到南宋。“靖康之变”北宋灭亡后，马远的祖父随着高宗赵构南渡，所以马远是在南宋的都城临安（今浙江杭州）出生长大的。他大致的活动时间在南宋光宗、宁宗年间。擅画人物、山水、花鸟。山水始承家学，后学李唐而自出新意，构图多用边角形式，有“马一角”之称，是南宋“翰林图画院”中的佼佼者。与另外三位画院画家李唐、刘松年、夏圭在画史上合称为“南宋四家”。
马麟,马麟（生卒年不详，南宋宁宗时期人，约活动于13世纪初期），宋钱塘人，马远之子。南宋宁宗、理宗时期任画院祗侯，工山水、人物、花鸟。又称团扇，即圆形扇面，多见于宋代以前。即项元汴（1524―1590年），明嘉兴（今浙江省嘉兴）人，字子京，号墨林山人，别号香岩居士、鸳鸯湖长、退密斋主人，收藏家、画家。富藏书画等古名物，在明代私家收藏中堪称巨擘。精鉴赏。常见主要印记有“项元汴印”、“子京”、“d李项氏世家珍玩”、“神品”等。南宋翰林图画院的简称，是宋代设立的专门绘画机构，吸收大量画家为宫廷服务。绘画讲究法度，重视形神兼备，风格华丽细腻。
高凤翰,高凤翰（1683～1749），又名翰，字西园，号南村，又号南阜、云阜，别号因地、因时、因病等40多个，晚因病风痹，用左手作书画，又号尚左生。山东胶县人。善山水，纵逸不拘于法，纯以气胜，兼北宋之雄浑，元人之静逸。花卉亦奇逸得天趣。
高岑,高岑（1621-1691年），字善长，又字蔚生，浙江杭州人，常住南京。喜欢唐诗，善于画山水，用笔精到，无粗犷气，擅长写意花卉，清秀入神。与龚贤等被称为金陵八家。代表作有《林荫评古图》和《风台秋月图》。
高,
高简,1634-1790，字澹游、德园，号旅云、澹游子、一云山人、旅云山人、娱晖老人。苏州【今江苏苏州】人。画学『元季四大家』，精于尺幅小品，喜倪瓒，钤有『小云林』印。代表作品有《春山积翠图》、《江乡初夏图》、《寒林诗思图》等
高翔,高翔（1688―1753年），字凤冈，号樨堂，又署西唐，甘泉（江苏扬州）人。终身布衣。晚年右手残废，常以左手作书画。能诗，擅绘山水花卉，精于写真和刻印。所作山水取法弘仁和石涛，画风疏秀，自成一格。
髡残,髡残（1612―约1672年），俗姓刘，武陵（今湖南常德）人。幼年失怙（音hù，指父亲），青年出家为僧，法名髡残，字介丘，号石H、白秃、石道人、残道者等。明亡后寓居南京，修禅弘佛之暇潜心于山水画的创作。他承袭元人王蒙，明人沈周、文徵明诸家笔法，结合自身的感悟，形成独特的山水画风。善用秃笔渴墨，以线造型，在深浅、断续、粗细线条的相互交叉、转换、顿挫中表现幽僻的景致，意境苍莽，画格高逸古拙。他与同时代的程青H合称“二H”，与原济（石涛）合称“二石”，与八大、弘仁、石涛并称“清初四僧”。
鲍嘉,鲍嘉（生卒年不详），主要活动于清康熙年间，字公受，浙江嘉善人。受业于曾鲸弟子沈韶，为曾鲸再传弟子。写真能传人性情意态，具有较高的艺术水平。在实践的基础上将绘制肖像的方法撰成《传神秘旨》一书。
黄公望,江常熟(今江苏常熟)人.自署平阳(今浙江温州)黄公望，又其《东山小隐图》款书吴门黄公望。其山水师董源、巨然，晚年变法，自成一家。有浅绛与水墨两种画格。
黄媛介,
黄宸,黄宸，字景州，自称长啸生，江苏吴江人。善画山水及花鸟。
黄易,黄易（1744―1802年），书画家、篆刻家，字大易，号小松，又号秋庵主，浙江仁和（今杭州）人。监生，官山东兖州府、济宁运河同知。他的绘画笔墨流畅，潇洒隽永，以山水和花卉为题材的作品有着很高的艺术水平。书法则以隶书擅长。作为著名篆刻家丁敬的学生，他经过努力学习与刻苦钻研，并广泛借鉴书法、碑刻中的表现手法，形成了自己工稳生动的篆刻风格，有"青出于蓝而胜于蓝"之美誉。黄易一生致力于金石碑版的研究，曾经四处寻访存世的残碣断碑，并加以较为全面系统的整理与著录，对我国传统金石学的发展有着积极的意义。与众不同的是，他亲自用画笔将每次寻访古碑的过程都完整的记录下来，绘制成许多作品，当时的艺术家们广为称颂。终年59岁。著有《丁黄印谱》、《小蓬莱阁金石文字》等。
黄璧,
黄筌,黄筌（生卒年不详，约活动于10世纪），字要叔，成都人。画家。后蜀广政七年（944年），淮南地方向后蜀国朝廷进贡了几只仙鹤，皇帝命黄筌将仙鹤依样画在后宫偏殿的墙壁上，黄筌便在写生的基础上描绘了6只仙鹤或警觉、或啄苔、或理毛、或翘足、或仰天长唳的不同姿态，犹如真鹤附壁，以至几只活的仙鹤经常跃到墙旁起舞，久久不愿离去。皇帝惊叹于黄筌的画艺，于是将这座偏殿命名为“六鹤殿”。黄筌还曾在蜀国皇宫八卦殿的墙壁上画四时花鸟，由于画得极为逼真，飞在空中的苍鹰从远处看到了墙上画的雉鸡，竟然从天而降，连连扑击。黄筌所在的后蜀国于965年被一个新起的朝代――宋朝所灭。黄筌此时已是后蜀图画院的主管人，与宫中其他的艺匠一道被迫迁往远离故乡的汴梁（今河南开封）为新王朝服务，不久就去世了。而他的两个儿子黄居u和黄居宝继承了父亲的技艺，继续在花鸟画领域内驰骋，成为花鸟画一大流派的创始者。中国古代花鸟画史上素有“黄家富贵，徐熙野逸”之说，“黄家”即指黄筌和黄居u、黄居宝父子。他们所开创的富贵、华丽、写实的画风，成为后来历代宫廷绘画的主要风格。
黄苗子,黄苗子，曾用名黄祖耀，广东中山人。生于1913年。当代知名美术史家、美术评论家、作家、漫画家、书法家。先后任《新民报》副总经理、贸促会展览部副主任、人民美术出版社编辑。曾担任中国美术家协会理事、中国书法家协会常务理事、全国文联委员，第五六七届政协全国委员会委员。著有《货郎集》、《敬惜字纸》、《无梦庵流水账》、《青灯琐记》、《风雨落花》、《雪泥爪印》、《世说新篇》、《牛油集》、《三家诗》、《吴道子事辑》、《八大山人传》、《画坛师友录》等。
黄鼎,1660-1730，字尊古，一字闲圃，号旷亭、独往客，晚号净垢老人、邱园弟子，善山水，于王蒙法尤长。常熟（今江苏常熟）人。初师同乡先辈邱园，后师王、王原祁，“娄东派”代表人物之一。代表作品有《渔父图》、《平冈渔艇图》、《醉儒图》等
龚贤,龚贤（1618―1689年），一名岂贤，字半千，号野遗、柴丈人等，江苏昆山人，早年曾参加复社活动，明末战乱时外出漂泊流离，入清隐居不出，居南京清凉山，买画课徒，生活清苦。性孤僻，与人落落寡合。他是位既注重传统笔墨又注重师法造化的山水画家。其创作以五代董源、巨然的画法为基础，以宋初北方画派的笔墨为主体，参以二米（米芾、米友仁父子）、吴镇及沈周等人的笔风墨韵，同时结合自己对自然山水的观察和感受，形成了浑朴中见秀逸的积墨法，不同于清初以王时敏为首的“四王”所倡导的笔笔有古意的创作格法。他与同时活跃于金陵地区的画家樊圻、高岑、邹础⑽夂辍⒁缎馈⒑V、谢荪等并称“金陵八家”。工诗文，善行草，源自米芾，又不拘古法，自成一体。著有《香草堂集》。
齐白石,"1864-1957,字萍生，号白石，别号寄萍老人，借山吟馆主者等.近代著名画家。湖南湘潭人.能作肖像、山水，而精于写意花鸟。其作品意态生动，水墨淋漓，虽以徐渭、八大为宗，兼及金农，吴昌硕，但能不主故常，富于创新精神。他主张作画不求形似，而重传神，妙在似与不似之间，因而逐渐形成了自己特有的艺术风范，成为中国近代美术史上划时代的人物。"
郑麟趾,"字克让,浙江钱塘人.正统进士，授翰林院编修。景泰中，为侍讲学士，预修《寰宇通志》，有《倪文僖集》、《朝鲜纪事》行世。有《倪文僖集》、《朝鲜纪事》行世"
张大千,张大千(1899―1983)
陈之佛,陈之佛(1898―1962)
徐悲鸿,徐悲鸿(1895―1953)
李方膺,李方膺(1695―1754)
华曲,华曲(1682―1756)
李单W,李单W(1686―1762)
黄慎,黄慎(1687―1768)
工原祁,工原祁(1642―1715)
渐江,渐江(1610―1663)
殷偕,
陈淳,陈淳(1482―1539)
张吟,张吟，生于1761年，卒于1829年，清代画家，字宝岩，号夕庵，晚号目翁，丹徒（今江苏镇江）人。善画山水、花卉和佛像，工书篆、隶、行草，世称“丹徒派”。
文徽明,文徽明，生于1470年，
体良,体良，生于1416年，卒于1480年，明代画家，字以善，广东南海人，擅画花鸟，师法南宋院体及边景昭，与吕纪并称为明代两画家。
吴镇,吴镇生于1280年，
丁元公,丁元公（生卒年不详），字原躬，浙江嘉兴人。布衣，后为僧，法名净伊，号愿庵。善画山水、人物、佛像，为僧后专画佛像，而山水笔墨尤为高远。兼精缪篆，善书，工诗。中国传统绘画装裱形式之一种，自右向左横向展示，便于案头观赏。
丰坊,丰坊（1492―1563年），初名坊，字人叔，一字存礼，更名道生，更字人翁，号南禺外史，鄞县（今浙江宁波）人。举乡试第一，明嘉靖二年（1523年）进士。官礼部主事。博学工文，而性狂诞。家藏古碑帖甚富，临摹几可乱真。兼工书法、篆刻，擅诸体书，尤长于草书。著《书诀》。
乔行简,乔行简（1156－1241年），字寿朋，浙江婺州人。吕祖谦弟子。绍熙四年（1193年）进士，官至刑部尚书，进签书枢密院，拜左丞相。嘉熙四年（1240年）加少师、保宁军节度使、礼泉观使，封鲁国公。淳v元年（1241年）卒，年86岁，谥文惠。著《周礼总说》、《孔山文集》。
于右任,于右任，原名伯循，以字行，号骚心，1878-1964，擅长书法、诗文。陕西三原
于谦,于谦（1398－1457年），字廷益，钱塘（浙江杭州）人。明永乐十九年（1421年）进士。宣德时初官御史，迁兵部右侍郎，巡抚河南、山西，前后在任19年，有惠政。正统十四年（1449年）“土木之变”后升任兵部尚书。反对都城南迁，拥立景帝，总督军务，为朝廷倚重。“夺门之变”使英宗复位，于谦以谋逆罪被杀。万历间追谥“忠肃”。有《于忠肃集》。别称抚台、抚军、抚院、部院等。明永乐年间以朝臣巡视地方、安抚军民，谓之巡抚，或名镇守，非地方专任，事毕即停。明宣德五年（1430年）始于各省专设，成为定员。景泰四年（1453年）加都御史衔。名称以管辖地区及职责不同而时相参错。巡抚兼军务加提督，有总兵地方，加赞理或参赞。所辖多、事众者，加总督。有总督兼巡抚、提督兼巡抚以及总理巡视抚治等员，皆加都御史衔或副都御史衔。与总督同为地方最高长官。清初沿明制，无定员。后来每省均一，或由总督兼任。乾隆十四年（1749年）定，巡抚不由侍郎授者，俱兼右副都御史，是否兼兵部侍郎衔由吏部请旨定夺。兼侍郎衔者为正二品。真如，也译为“本无”、“如”、“如如”。佛教名词。意为事物的真实状况，真实性质，为绝对不变的"永恒真理"或本体。由于各个宗派的主张不同，对真如的解释也有一定的差异。官名。春秋战国时期由诸侯分封的贵族为大夫，享有封地，并掌管封地内的行政。将军属官，《续汉书・百官志》叙：其秩千石。
仇远,仇远（1247--1327年尚在），字仁近，号山村民，钱塘（杭州）人。曾为溧阳州教授。工诗，与赵孟\、鲜于枢、周密、白E、邓文原有交往。诗名显赫，同白E早在咸淳年间就已称誉武林。《书史会要》称其“好古博雅，楷书学欧”，实际上，其书风受宋高宗赵构及赵孟坚的影响较多，早年瘦劲，略显拘谨，晚岁较为纵逸。著有《金渊集》六卷、《山林遗稿》一卷。
何绍基,何绍基（1799―1873年），字子贞，号东洲，晚号z叟，道州（今湖南道县）人。承家学，少有名。清道光十六年（1836年）进士，授编修，充武英殿国史馆协修、总纂。先后任福建、贵州、广东乡试考官，四川学政。后执教于山东泺源、湖南长沙等地书院。博学多才。书法师颜真卿，上溯周、秦、汉古篆籀及南北朝碑版，真、行书面目独特，意趣高古；篆、隶二体浑厚古拙，自成体势。著有《惜道味斋经说》、《说文段注矫正》、《东洲草堂金石跋》、《东洲诗文集》等。《清史稿》有传。
俞俊,俞俊（生卒年不详），字子俊，号云东，嘉兴人。少时从顾渊游。历官镇江路蒙古字学正、丽水巡检。张士诚据吴，署华亭县尹，升平江路判官。工
俞和,俞和（1307―1382年），字子中，号紫芝生，暮年称紫芝老人，桐江（今浙江桐庐）人。寓居杭州，隐居不仕。能诗善书，早年学书于赵孟\，得见赵氏运笔之法。临晋唐诸帖甚多，极有功力，行草逼似赵孟\。好事者每以其书改赵孟\款，以充赵书，往往乱真。又兼善篆、隶、章草诸体。
俞樾,俞樾（1821―1907年），字荫甫，号曲园居士，浙江德清人。清道光三十年（1850年）进士。历官翰林院编修、河南学政。后因事免官，以教授、著述为生。曾主讲于苏州紫阳书院、杭州诂经精舍等，从学者甚众。一生著述宏富，涉及经、史、子、集诸门类，主要有《群经平议》、《诸子平议》、《第一楼丛书》、《曲园杂纂》、《宾萌集》、《春在堂诗编》等多种，晚年由其本人汇编为《春在堂全书》。俞樾为晚清经学大师。
八大山人,关于“八大山人”一号的含义有多种释法：陈鼎在《八大山人传》中说：“八大者，四方四隅，皆我为大，无大于我也。”张庚在《国朝画征录》中称：“或曰，山人固高僧，尝持八大人觉经，因以为号。”又有专家认为“八大山人”这一别号和朱耷的出身与弃僧还俗有关：“八”指宁王朱权第八代孙；“大”与“耷”同声，表明自己是第八代子孙耷，现在归宗了。除以“八大山人”为号，朱耷还有“释传綮”、“刃庵”、“雪个”、“个山”、“驴”、“驴屋驴”等法名和别号。西园雅集。
六世班禅,六世班禅，法名罗桑贝丹益西（1738―1780年），藏传佛教格鲁派领袖，今西藏日喀则专区南木林人。乾隆五年（1740年）被认定为五世班禅额尔德尼的转世灵童，翌年迎入扎什伦布寺作床，由安钦・罗桑苏巴为教授其经典并授沙弥戒。乾隆十四年（1749年），他前往拉萨布达拉宫，拜七世达赖喇嘛为师学习佛法。三十年（1765年），清朝廷为颁赐其金册、金印，册封其为班禅额尔德尼。四十四年（1779年），六世班禅率领僧俗众人前往热河避暑山庄庆贺乾隆帝七十寿辰，历时一年多的跋涉，于翌年七月到达热河，受到隆重的接待。此前仿扎什伦布寺修建了须弥福寿庙，供班禅起居。参加庆典活动之后，八月班禅前往北京，在京期间，观瞻了皇宫及京内的各大寺院，诵经作佛事。十一月突患天花圆寂于西黄寺。
冯承素,
刘墉,刘墉（1720―1804年，又作1719―1805年），字崇如，号石庵，山东诸城人。清乾隆十六年（1751年）进士，官至体仁阁大学士。卒谥文安。《清史稿》有传。工书法，初学赵孟\、后法魏晋，乃自成家。清张维屏《松轩随笔》评其书云：“貌丰骨劲，味厚神藏，不受古人牢笼，超然独出。”康有为认为刘墉书法“力厚思沈，筋摇脉聚，近世行草书作浑厚一路，未有能出石庵之范围者，吾故谓石庵集帖学之成也”。刘墉与翁方纲、成亲王永w、铁保并称“乾隆四大家”。
刘大,
刘汉弼,刘汉弼（生卒年不详），字正甫，浙江上虞人。嘉定九年（1216年）进士，曾官考功员外郎、监察御史，出知温州，以户部侍郎致仕，卒谥忠。
刘珏,刘珏（1410―1472年），字廷美，号完庵，长洲（今江苏苏州）人。时郡守况钟闻其才，举为吏，不就。明正统三年（1438年）举应天乡试，补太学生，授刑部主事，迁山西按察佥事。居官多善政。工诗，擅书法，楷书、行书出赵孟\，行草出李邕，各极其妙。善画山水，法吴镇、王蒙。有《完庵集》。
刘统勋,刘统勋（1699―1773年），字延清，山东诸城人。清雍正二年（1724年）中进士，选庶吉士，授编修，乾隆时累官至东阁大学士兼军机大臣，先后主管刑部、工部、吏部、礼部、兵部事务，乾隆敕修《四库全书》，担任正总裁。其为官清正廉洁，秉性耿直，“神敏刚劲，终身不失其正”，卒于清乾隆三十八年（1773年）十一月，谥“文正”。
包世臣,包世臣（1775―1855年），字诚伯，号慎伯，晚号倦翁，安徽泾县人。清嘉庆十三年（1808年）举人，官江西新喻知县。邓石如弟子，得邓派真传。书法、篆刻为当世所推服。中年书从颜、欧入手，转及苏、董，后肆力于北魏，晚习二王，遂成绝业。对咸丰、同治间的书风颇有影响。间亦作画，卒年81岁。著《清朝书品》、《安吴四种》。《艺舟双楫》为《安吴四种》之一，对于北碑的盛行，此书起到了鼓吹和推动的作用。
危素,危素（1303―1372年），字太朴，一字云林，临川（今江西抚州）人。博学，善文辞，明洪武二年（1369年）授侍讲学士知制诰。善书法，曾受康里j传授，工楷书、行书、草书诸体，尤精楷书。《明史》卷二八五有传。
厉鹗,厉鹗(1692―1752)，字太鸿，号樊榭，浙江钱塘人。康熙五十九年举人，乾隆时举鸿博不就。工诗文，酷爱藏书，著述甚富，有《樊榭山房集》。《清史稿》有传。
叶向高,叶向高（1559 - 1627年），字进卿，号台山，福州福清人。万历年进士。官至礼部尚书、兼东阁大学士。擅长书法，博学多才，著有《说类》等。
叶衍兰,1823-1898，字南雪，号兰台，广东番禺人。咸丰六年进士，官军机章京，后主讲越华书院。叶氏为书香世家，衍兰与父英华、子佩跄、孙恭绰皆以书画知名。衍兰本人工小篆、行楷，精鉴别，善作肖像，《清代学者像传》与《历代名人像传》皆其代表作品。此像册所绘中国历代名人，上迄东晋陶渊明，下至清代郑板桥，涉及王公、大臣、将帅、贤士、乃至释道、姬媛各色人物共105人，而以明清两朝为主。《清代学者像传》已经出版，而《历代名人像传》因系未完成之作未能出版。
吕祖谦,吕祖谦（1137-1181年），字伯恭，浙江金华人。宋隆兴元年（1163年）进士。历官著作郎兼国史馆编修。与朱熹、张蛴焉疲时称“东南三贤”。为学主明理躬行，反对空谈心性，开浙东派先声。卒谥“成”。
吴,吴保1298-1355年），字孟思，号雪涛散人，先世为濮阳（今属河南）人，移居杭州，吾丘衍弟子。明刘基《覆集》云：“鄙俸醚В工翰墨，尤精篆、隶，凡历代古文款识制度，无不考究，得其要妙。”老子，即老聃，又名李耳，楚国苦县（今河南鹿邑）人。春秋时期的思想家，道家学派的创始人。曾任周朝管理图书的史官。他的哲学体系是客观唯心主义，但又包含一些自发、质朴的辩证法思想。
吴大,"吴大，字清卿，号恒轩，1835-1902	，吴县(今江苏苏州)"
吴宽,吴宽(1435-1504年)，字原博士，号匏庵，又号玉廷亭主，长洲（今江苏吴县）人，官至礼部尚书。擅长行书，源出苏东坡，滋润中时见奇倔。代表作有《种竹诗卷》和《题赵孟颊重江叠嶂图诗》。
吴琚,吴琚（生卒年不详），字居父，自号云壑，南宋汴梁（今河南开封）人。吴益子，高宗皇后侄。宁宗庆元年间（1195-1200年）以镇安节度使留守建康府，迁少保，世称“吴七郡王”。寡嗜好，日临锺、王帖以自娱。陶宗仪《书史会要》称“琚字画类米芾，以词翰被遇孝宗，大字极工。”董其昌评“琚书自米南宫外一步不窥”。著《云壑集》，刻《玉麟堂帖》。《宋史》有传。
周伯琦,周伯琦（1298―1369年），字伯温，自号玉雪坡真逸、坚白居士，饶州（今江西鄱阳）人。幼随父宦游京师，入国学，为上舍生。元至正八年（1347年）为翰林待招，累升直学士。十四年（1354年）为江东、浙西肃政廉访使。十七年（1357年）拜资政大夫、江浙行省左丞。招谕张士诚，被张扣留达十余年。张士诚既灭，伯琦乃得归故乡，不久卒于家中。伯琦博学工文章，尤以篆隶真草擅名当时。篆书习徐铉、张有行笔，其字肥润可爱。至正二十二年（1362年）临《石鼓文》册，现藏故宫博物院。著有《六书正讹》、《说文字源》及诗文稿若干卷。
国诠,
奚冈,奚冈（1746 -1803年），初名钢，字铁生、纯章，号梦龛，另署鹤渚生等。原籍安徽新安（今歙县人），居浙江杭州。擅长诗文书画，精通金石。书法四体皆精；为西泠金石四家（八家）之一，与方熏并称为浙西两高士，属娄东画派。代表作有《蕉林学书图》 。
姚广孝,姚广孝（1335--1419年），长洲（今苏州市）人。14岁出家为僧，名道衍，字斯道，号逃虚老人，又称独庵老人、懒阁翁。洪武中跟随燕王朱棣至北平，住持庆寿寺。燕王起兵“靖难”，道衍为主谋。朱棣即皇帝位，道衍录功第一。官拜太子少师，复其姓，赐名广孝，卒赠荣国公，谥恭靖。其人善阴阳术数之学，通儒书，工书画，尝监修《太祖实录》，篡修《永乐大典》。有《逃虚子集》行世。
姚鼐,
姜宸英,姜宸英（1628―1699年），字西溟，号湛园，又号苇间，慈溪（今浙江慈溪）人。清康熙三十六年（1697年）探花，授编修，两年后即卒。工书善画。书宗米、董，飘逸俊秀，晚年始宗法晋人，70岁后作小楷颇精，名重一时，与笪重光、汪士f、何焯并称“康熙四家”，为清初帖学书法的代表人物。
姜立纲,姜立纲（生卒年不详），字廷宪，号东溪，明代瑞安（今属浙江）人。7岁以能书命为翰林秀才，天顺年授中书舍人。善楷书，清劲方正，自成一家。宫殿匾额多出其笔，中书科写制诰悉宗之。日本曾遣使求匾，立纲为书之，其国人每自夸曰：“此中国惠我之宝也”。尝临湖舍作“皆春”二字，适有操舟过其前，冲涛骇浪，其书遂成风波行舟之势，行于天下，曰“姜字”。
孔尚任,
孙岳颁,
安弘嵩,安弘嵩（生卒年不详），“十六国”时期北凉国（397―460年，定都张掖）的一位“经比丘”，即专事佛经译写的僧人。有学者指出是在主尊旁刻有盘龙的树，也有人认为龙树思惟是思惟像的一种称呼。"
宋克,宋克（1327―1387年），字仲温，长洲（今苏州市）人，家南宫里。少任侠，学剑走马，结客饮博。壮年学兵法，欲追随豪杰之士有所作为。时张士诚据吴，宋克度其必无所成，故虽罗致而不就。杜门谢客，专意翰墨，日费十纸，遂以善书名天下。洪武初，征为侍书，出为凤翔府同知。擅长真、草书，师法钟繇、王羲之，尤工章草，沿袭赵孟\、邓文原余绪，风格古雅劲健，自成面目。时与宋j、宋广并称“三宋”。
宋j,宋j（1344―1380年），字仲珩，宋濂次子，浙江浦江人。明洪武九年（1376年）官中书舍人。四年后因其侄坐胡惟庸党，宋j连坐伏法，年仅37岁。工书法，真、行、草、篆具精。《名山藏》称其小篆之工，为国朝第一。陶宗仪《书史会要》称：""j大小篆纯熟姿媚，行书亦有气韵。""何良俊《四友斋丛说・书》评其书师法康里jj，可称入室。时与宋克、宋广齐名，并称“三宋”。
尤侗,
康有为,
康里jj,康里jj（1295―1345年），字子山，号正斋、恕叟等，康里部人（康里为当时西北游牧民族部落）。幼肄业国学，博通群书，自幼受汉文化熏陶，其一生为官，多为文职。曾先后任秘书监丞、秘书大监、集贤直大学士、奎章阁大学士、翰林学士承旨、知制诰、知经筵事等职。工书法，楷书师虞世南，行、草书学钟繇、王羲之，是当时著名的少数民族书法家之一。
张即之,张即之（1186―1266年），字温夫，号樗寮，南宋和州（今属安徽省）人。官至司农寺丞，授直秘阁。以擅书名世，书宗唐人，结体严谨，笔法险劲，对当时书坛影响很大，北方金人亦多仿效其体。
张廷济,张廷济（1768―1848年），原名汝林，字顺安，号叔未，一字说舟，又字作田，又号海岳庵门下弟子，晚号眉寿老人，浙江嘉兴人。清嘉庆三年（1798年）解元。工诗词，精金石考据之学，收藏鼎彝、碑版及书、画甚多。精于行书和楷书，初摹钟、王，五十岁后出入颜、欧间，晚年兼法米芾。著《清仪阁题跋》、《清仪阁印谱及诗钞》、《眉寿堂集》、《桂馨堂集》等。
张弼,
张,张颍1133－1180年），字敬夫，张浚长子。迁居衡阳，以荫补官直秘阁，孝宗朝官至秘阁修撰，荆湖北路转运副使。严于义利之辩，学者称“南轩先生”。著《南轩集》。
张渊,张渊（生卒年不详），字清夫，号用拙道人，江苏吴江人。博学有诗名，工书法，元皇庆中（1312―1313年）荐为征东儒学提举，小传见《松陵文献》。
张照,张照(1691-1745)，字得天，号泾南，又称天瓶居士，江苏华亭（今上海）人。官至刑部尚书。擅长形楷书，“馆阁体”能手。所书《岳阳楼记》气魄浑厚又温润秀丽，被镌刻悬于楼上，人称三绝：名楼，妙文，好字。代表作有《录论语书》。
张纶英,张纶英，字婉训，1798生
张雨,张雨（1277―1348年），一名天雨，字伯雨，号句曲外史，钱塘(今浙江杭州)人。20余岁弃家为道士，往来华阳云石间。从虞集受学。博学多闻，善谈名理。生平慕米芾为人，故其议论襟度颇为类之。诗文、书、画清新流利，有晋、唐风范。摩诘，即唐代画家、诗人王维（701--761年）之字。因官至尚书右丞，故世称“王右丞”。他画山水能吸收众家之妙，有接近李思训的青绿山水，也有“踪似吴生（道子）而风致标格特出”的山水松石。其水墨画尤为人称许，与张b、项容等同为早期水墨画家。王维亦能画人物及佛像。明代董其昌创立“南北宗论”时，把王维推为南宗之祖。
张骏,张骏（生卒年不详），字天骏，号南山，华亭（今上海松江）人。明景泰四年（1453年）举于乡，成化初为中书舍人，入值文华殿，在礼部尚书任上退休。工书法，与张弼齐名，时称“二张”，行、草、隶、篆入神入妙，草书宗怀素，得其龙蛇战斗之势，有自己独特的风格。
彭年,彭年（1505―1566年），字孔嘉，号隆池山樵，长洲（今江苏苏州）人。少与文徵明游，以词翰名世，人称长者。著有《隆池山樵集》。
徐三庚,徐三庚，字辛谷，号井、袖海，1826-1890，浙江上虞
徐作肃,
徐兰,徐兰（生卒年不详），字芳远，号南塘，明浙江余姚人，后迁徙鄞（浙江宁波）。《宁波府志》载：为郡诸生，累举不第，遂潜心书法。工书，善水墨葡萄。楷书师钟繇，行草师王献之，尤擅隶书，初法蔡邕，晚年参以己意，时人谓其书法与程南云并驰。
徐有贞,徐有贞（1407-1472年），初名，字元玉，号天全翁，吴县人。宣德八年（1433年）进士，选庶吉士，授编修。正统十二年（1447年）进侍讲。“土木之变”，也先率瓦喇军逼近北京，有贞主南迁，为于谦等叱责。
徐贲,徐贲（1335--1393年尚在世），字幼文，号北郭生，居吴（今苏州市），家城北望齐门外。元末，为避张士诚征辟，隐居吴兴蜀山。明洪武中官给事中，改监察御史，并先后在广东、广西、河南作官。后以犒军不时罪下狱死。徐贲是明初著名诗人，“北郭十才子”之一。有《北郭集》六卷行世。又善画山水，师法董、巨。书法精楷书。
徐霖,徐霖（1462―1538年），字子仁，号九o道人，又号快园叟、髯仙等，江苏苏州人，徙居金陵。解音律，精篆法，善画。九岁能作大书，操笔成体，正书出入欧、颜，大书初法朱熹，几乱其真，后喜赵孟\，笔力遒劲，结构端饬，自成一家。篆书始尚雄丽，晚益朴古。著有《丽藻堂文集》、《快园诗文集》等。
文天祥,文天祥（1236--1283年），字宋瑞，又字履善，江西吉水人。20十岁举进士第一，迕宦官董宋臣、权相贾似道，斥罢，年37岁，致仕。咸淳九年（1273年），起复。德佑初年（1275年），应诏勤王，以江西提刑安抚使召入卫，知平江府、临安府，除枢密使，又除右丞相兼枢密使。至元军中请和，被元人拘留。脱归入真州，后入汀州、漳州，屡抗元兵。元至元十五年（1278年），屯兵丽江浦。益王g峥死，卫王m继位，加少保信国公，张弘范攻潮阳，天祥被执，送至燕京，至元十九年（1283年）壬午就义于柴市，年47岁。有《文山集》。
文彭,
方苞,方苞（1668-1749年），字灵皋、凤九，号望溪，原籍安徽桐城，康熙年间进士，擅长书法，以诗文著名于世，有大家之风，曾因受戴名世《南山集》文字狱牵连入狱，后得赦免，官至礼部侍郎。方苞与姚鼐同为桐城古文派创始人。著有《狱中杂记》等。
曹寅,
曹法寿,
曾国藩,
曾,曾ぃ1372-1432年），字子ぃ永丰人。永乐二年（1404年）殿试第一，进学文渊阁，历侍讲、读学、右春坊大学士。才思奔放，文如泉涌，奏对应制，为帝褒赏。馆阁中自解（缙）、胡（俨）后，诸大制作多出其手。宣德初，进詹事府少詹事，日值文渊阁，卒于位。著有《西墅集》。
朱元璋,朱元璋（1328―1398年），字国瑞，濠洲钟离（今安徽省凤阳）人。家贫寒，年17父、母、兄相继去世，孤无所依，入皇觉寺为僧。25岁入郭子兴部，与元兵及各路起兵者长年作战。后称吴国公、吴王。1368年定都南京，年号洪武，明王朝从此开始。
朱岷,朱岷（生卒年不详），主要活动于清代康熙、雍正时期，字仑仲，一字导江，号客亭，江苏武进人。工书法，尤精隶书，法汉碑而兼得于郑谷口，行楷法苏、王。工画山水，得米芾法。
朱彝尊,朱彝尊（1629―1709年），字锡鬯，号竹，别号金风亭长、小长芦钓鱼师等，秀水（今浙江嘉兴）人。清康熙十八年（1679年）以鸿博官检讨，后入直内廷。工诗，与王士祯齐名。精于金石考据之学。书工古隶，笔意秀劲，韵致超逸。清包世臣在《艺舟双楫》中将他的隶书定为逸品下。亦工画。因学识渊博，深得康熙皇帝赏识，曾参与编纂《明史》。为完成《日下旧闻》一书，他不仅摘录古书，且逐一实地考察对照：“雄关绝障，策屐登临；名刹高台，按图指索。认籀文于甫草，最详同马攻车；剔碑版于荒苔，尽访吉金贞石。”历尽辛苦，终成此书。著有《曝书亭集》等书行世。
朱熹,朱熹（1130―1200年），字元晦，号晦庵，人称考亭先生，徽州婺源人，寓居建州。绍兴十八年进士。光宗朝官至焕章阁待制，提举南京鸿庆宫，是一位著名的道学家。庆元中，韩腚薪朱熹之学，落职罢祠。庆元六年卒，年72岁。朱熹著述甚丰，有《朱熹文集》一百卷，《朱徒问答》八十卷，《别录》十卷。朱熹工书，早年学钟繇（后人误作曹操），《书史会要》说他：“善行草，尤善小字，下笔即沉着典雅。”
李之仪,李之仪（生卒年不详），字端叔，乐寿（属河北省）人。北宋元丰年间登进士第，曾为苏轼知定州时的幕宾，历枢密院编修官、原州通判。元符中，监内香药库(管理香药库的官)。宋徽宗时期因为给范纯仁遗表作行状（人物传记），编管太平州（今安徽当涂），遂居姑熟（今安徽省芜湖），又自号姑溪居士，后徙唐州（今河南阳），至朝请大夫。李之仪善文章，尤工尺牍，苏轼谓之“如刀笔三昧”。有《姑溪居士前后集》七十卷行世，前集五十卷，为南宋吴芾所编；后集二十卷，据陈振孙《直斋书录解题》著录亦出自宋人之手。今有《四库全书》本、《丛书集成》本。存世墨迹除《汴帖》外，还有《别纸帖》（藏于台北故宫博物院）。
李孝光,李孝光（1297-1348年），字季和，乐清（今浙江温州）人。少年博学，志笃复古，曾隐居雁荡山五峰下。元至正七年（1347年）召赴京师，官至文林郎、秘书监承，卒于任上。孝光以文章负名当世，其文取法于古人而不趋时尚。有《五峰集》行于世，《元史》卷一九○有传。
李建中,李建中（945―1013年），字得中，自称岩夫民伯，京兆（河南开封）人，北宋初年著名书家。太平兴国进士，曾官曹、解、颖、葵四州刺史，进金部员外郎。因掌西京留司御台史，世称“李西台”。《宋史》本传称他：“善书札，行笔尤工，多构新体，草、隶、篆籀、八分亦妙。人多摹习，争取以为楷法。
李渔,
李白,李白（701―762年），字太白，一字长庚，号青莲居士。祖籍陇西成纪（今甘肃天水附近），出生于碎叶（今苏联托克马克）。玄宗天宝元年（742年）因荐召翰林供奉，遭谗出京。游历江湖，纵情诗酒。以后坐永王之乱流夜郎，中途遇赦，还依族叔李阳冰，后以病卒。李白是唐代的伟大诗人，亦擅书，他的诗创造性地运用了一系列浪漫主义手法，使内容和形式达到了完美的统一，被世人称为“诗仙”。诗文收入《李太白集》。
杜牧,杜牧（803―852年），字牧之，京兆万年（今陕西西安）人。中进士第，曾官司勋员外郎，后迁官司中书舍人。工诗文，有《樊川集》二十卷传世，是唐代著名诗人。亦工书法。
杨凝式,杨凝式（873―954年），字景度，陕西华阴人。历仕梁、唐、晋、汉、周五朝，居洛阳，官至太子少师，后人也称他“杨少师”。长于诗歌，善于笔札。相传他“遇山水胜概，辄流连赏，有垣墙圭缺处，顾视引笔，且吟且书。”因他为人放纵不羁，时人又称他“杨疯子”。其书法遒放，宗师欧阳询、颜真卿，笔势奇逸，常有意外之趣。《宣和书谱》记载：“凝式喜作字，尤工颠草，笔迹雄强，与颜真卿行草相上下，自是当时翰墨中豪杰。”
杨桓,杨桓（1234-1299年），字武子，兖州人。博览群书，于“弱冠为郡诸生”。元世祖中统四年（1263年）补济州教授，后由济宁路教授召为太史院校书郎，至元三十一年（1294年）拜监察御史，迁秘书监。预修《大一统志》，秩满还乡。大德三年（1299年），以国子司业召，未赴，卒年66岁。杨桓精通古文字，推明汉许慎之学，著有《六书统》、《书学正韵》等书。尤精篆籀，书法在当时颇有盛名，《环宇访碑录》有其数通篆书碑，而墨迹仅见篆书《无逸篇》。
杨维桢,杨维桢（1296-1370年），桢又作G，字廉夫，号铁崖，又号铁笛道人、抱遗叟、老铁贞、梅花道人等，浙江会稽（今绍兴）人。青年时代励学苦读，32岁（1327年）中进士，署天台尹，后官建德路总管府推官。元末擢江西儒学提举，未及上任，适逢反元兵乱，遂避居富春山，后徙钱塘（今浙江杭州），晚年寓居松江。明洪武二年（1369年）召至南京，纂修礼乐书，不久辞归，抵家卒。性狷直，多才艺，诗风奇诡，号“铁崖体”，为元代诗坛巨匠。善书法，风格拗强苍劲，自成一种特别风貌。
杨荣,杨荣（1371―1440年），初名子荣，字勉仁，建安（今福建建瓯）人。明建文二年（1400年）进士，授编修。永乐时任右谕德、右庶子、掌翰林院士、祭酒、文渊阁大学士，屡从永乐北征。洪熙时，进太子少傅、谨身殿大学士、工部尚书。杨荣历永乐、洪熙、宣德、正统四朝，以善断多谋著称，与杨士奇、杨溥并称“三杨”。著有《杨文敏集》、《北征记》。
杨载,杨载（1271―1323年），字仲弘，其先浦城（元属建宁路，福建）人，后徙居杭州。少孤，博涉群书。40不仕，以布衣召为翰林国史院编修官。延v初又应诏试科举，遂中进士第，授承务郎，迁至宁国路总管府推官。工文章，诗以唐为宗，有《杨仲弘集》八卷行世。皮日休（约834--883年），唐代文学家，字逸少，后改袭美，湖北襄阳人。唐咸通年间考取进士，曾任太常博士。诗文与陆龟蒙齐名，人称“皮陆”，著有《皮子文薮》。
林则徐,
林逋,林逋（967―1028年），字君复，杭州钱塘人。北宋诗人。性恬淡好古，初游江、淮间，后归隐西湖孤山，一生未做官。他善诗文书画，又酷爱梅花、仙鹤，有“梅妻鹤子”之故事。世称“林和靖”，卒后赐谥“和靖先生”。著有《和靖集》。&lt;BR&gt;中国传统绘画装裱形式之一种，自右向左横向展示，便于案头观赏。
查继佐,
柳公权,柳公权（778―865年），字诚悬，京兆华原（今陕西耀县）人。唐宪宗元和初年进士。曾任太子少师，世称“柳少师”。历中书舍人、谏议大夫、太子宾客至太子少师，封河东郡公。工书，尤以楷书精绝。师颜真卿、欧阳询而能参化其神理，自成一局，世有“颜筋柳骨”之称。穆宗尝问其用笔法，答曰：“用笔在心，心正则笔正。”语意双关，既论写字，又行笔谏。当时公卿士臣碑版若不得公权手笔，人以为不孝。外夷入贡，另备资材，专求柳书。传世书迹颇多，楷书以《玄秘塔碑》、《神策军碑》等最具特色。
柳公权（传）,柳公权（778―865年），字诚悬，京兆华原（今陕西耀县）人。唐宪宗元和初年进士。曾任太子少师，世称“柳少师”。历中书舍人、谏议大夫、太子宾客至太子少师，封河东郡公。工书，尤以楷书精绝。师颜真卿、欧阳询而能参化其神理，自成一局，世有“颜筋柳骨”之称。穆宗尝问其用笔法，答曰：“用笔在心，心正则笔正。”语意双关，既论写字，又行笔谏。当时公卿士臣碑版若不得公权手笔，人以为不孝。外夷入贡，另备资材，专求柳书。传世书迹颇多，楷书以《玄秘塔碑》、《神策军碑》等最具特色。
桂馥,
梁启超,
楼钥,楼钥（1137--1213年），字大防，浙江鄞县人。隆兴元年（1163年）应礼部考试，曾官中书舍人，后为翰林学士，进参知政事。嘉定六年卒，年77岁，谥宣献。工文章，精而博，有《功愧集》。
欧阳修,欧阳修（1007―1072年），字永叔，号醉翁，晚年又号六一居士，吉州庐陵（今江西吉安）人。北宋著名政治家。以文章著称于世，为唐宋古文八家之一。主修《新唐书》和《新五代史》。书法字体新丽，神采秀发，自成一家。
欧阳玄,"欧阳玄（1283―1357年），字原功，号圭斋，其先家庐陵（今江西吉安）,与宋代大文学家欧阳修同籍，后迁居湖南浏阳。元延v二年（1315年）赐进士出身，至元五年（1339年）官至翰林学士承旨，死后追封楚国公，谥“文”。工诗文，善书画，师宗苏轼。有《圭斋文集》十五卷。《元史》卷一八二有传。"
欧阳询,欧阳询（557―641年），字信本，潭州临湘（今湖南长沙）人。他经历陈、隋、唐三朝，贞观间官至太子率更令、弘文馆学士，封渤海县男。欧阳询博览古今，书则八体尽能，尤工正、行二体，学王羲之、王献之，吸收汉隶和魏晋以来楷法，笔力险劲刻厉，意态精密俊逸，法度森严，世称“欧体”，于后世影响深远。他与虞世南、褚遂良、薛稷并称为“初唐四家”。唐人张怀评之曰：“真行之书出于大令，别成一体，森森焉若武库矛戟，风神严于智永，润色寡于虞世南。”（《书断》）有《虞恭公碑》、《化度寺邕禅师塔铭》、《九成宫醴泉铭》、《皇甫诞碑》诸名碑传世。
段天v,段天v（生卒年不详），字吉甫，汴梁（今河南开封）人。元泰定元年（1324年）进士，授静海县丞，后擢国子助教，迁翰林应奉，再拜江浙儒学题举。擅长书法。
段玉裁,
沈右,沈右（生卒年不详），字仲说，号寓斋，吴（江苏苏州）人。家境富裕，过着诗酒耕读的隐居生活。善文学，工诗。
沈尹默,沈尹默，原名君默，字中，号秋明、瓠瓜，1883-1971，浙江吴兴
沈度,沈度（1357―1434年），字民则，号自乐，华亭（今上海松江）人。明洪武时中举文学不就。永乐时以能书与滕用亨、陈登选入翰林，为皇帝朱棣激赏，赞为“我朝王羲之”，每日侍从御前。凡用于朝廷、藏于秘府、颁赐属国的金版玉册等，必命沈度执笔。遂由翰林典籍擢检讨，历修撰，选侍讲学士。沈度书法光洁明丽，婉转端秀，点划圆润平和，代表了明初“台阁体”的最高成就。其弟沈粲亦以善书而闻名朝野，兄弟并称“二沈”。
沈粲,沈粲（1379―1453年），字民望，号简庵，华亭（上海松江）人。沈度弟。明永乐时入翰林，由待诏迁中书舍人，擢侍读，进阶大理寺少卿。沈粲以草书擅名，师法宋j，以遒丽取胜。与兄沈度同在翰林，荣宠一时，时号“大小学士”。
沈藻,沈藻（生卒年不详），字凝清，一字仲藻，沈度子，华亭（今上海松江）人。以父荫为中书舍人，迁礼部员外郎。以书法知名，传家法，真、行、草并佳。
泰不华,泰不华（1304―1352年），字兼善，号白野，蒙古族伯牙吾台氏，初名达普化，台州（今浙江临海）人。累官至浙东道宣慰使，追赠江浙行省平章政事，封魏国公，谥“忠介”。泰不华尚气节，不随俗浮沉。擅篆、隶、楷书，篆书师徐铉，后稍变其法，自成一家。
潘耒,
王世贞,王世贞（1526-1590年），字元美，号凤洲，又号m州山人，江苏太仓人。嘉靖进士，官至刑部尚书。文学家，史学家。与李攀龙等合称为“后七子”。其史著异常丰富，后人称他“负两司马之才”。著有《m州山人四部稿》等。
王守仁,王守仁（1472―1528年），初名云，更名守仁，字伯安，号阳明，浙江余姚人。明代哲学家、教育家。明弘治十二年（1499年）进士，授刑部主事，任兵部主事。因病告归后于会稽山龙瑞宫旁之阳明洞讲学，创立书院，世称""阳明先生""。病愈后复职，正德时期因反对太监刘瑾遭廷杖，流放贵州。至刘瑾被诛，复官，封新建伯，世称""新建先生""。官南京兵部尚书。卒谥文成。工文章，善书法，师法王羲之。著有《王文成全书》。
王宠,王宠（1494―1533年），字履仁，后字履吉，别号雅宜山人，吴（今江苏苏州）人。为邑诸生，累试不取，贡入太学。工诗文，精书法，风格婉丽遒逸，与祝允明、文徵明并称“吴中三家”。能山水，工篆刻。为唐寅姻亲，其子娶唐女，亦与文徵明交善。
王引之,
王澍,王澍（1668―1739年），字若林，号虚舟，金坛(今属江苏省)人，后迁居无锡。康熙四十四（1705年）年中举，康熙五十一年（1712年）成进士，后入翰林院，累迁户部给事中，后官至吏部员外郎。致仕归，悦无锡山水，买屋金匮山旁，自号二泉，又号恭寿老人、良常山人。《清史稿》有传。书入欧阳询之室，篆书法李斯，为一代书家。亦工刻印。著《竹云题跋》、《虚舟题跋》。
王献之,王献之（344―386年），字子敬，小名官奴，琅e临沂（今属山东省）人，羲之第七子。累迁建威将军、吴兴太守，至中书令，人称“王大令”。书精诸体，尤以行草擅名。幼时从父学书，传说他在学书时，羲之暗从背后掣其笔不得，云：“此儿后当复有大名。”尝书壁为方丈大字，羲之甚以为能，观者数百人。桓温尝使书扇，笔误落，因画作鸟『0149』牛，甚妙。影响很大，宋徽宗御府所藏王献之书有89件，与其父王羲之齐名，史称“二王”。《晋书》卷八十八有传。
王,王（350―401年），《晋书》本传载：“王，字元琳，小字法获，导之孙，洽之长子也。孝武（晋孝武帝司马曜，373-396年）雅好典籍。与殷仲堪，徐邈、王恭、郄恢等，并以才学文章见昵。隆安初（397年）（晋安帝司马德宗）迁尚书令，赠车骑将军，开府，谥献穆。”《宣和书谱》载：“三世以能书称，家范世学。之草圣亦有传焉。”宣和内府藏王书二件，《伯远帖》为其中之一。
王j,王j（？－1425年），字汝玉，号青城山人，长洲（江苏苏州）人。少颖异，年17中浙江乡试。洪武末年由郡学教授擢翰林五经博士。永乐初官翰林检讨，其才华为皇帝所赏，遂名声大噪，出诸老臣之上。后因罪，下诏狱论死。王j工诗文，有《青城山人集》。善书法，闻名当时。
王礼,王礼（生卒年不详），号梁溪生，无锡人。元晚期曾官平江路嘉定训导。
王立中,王立中（元末明初），字彦强，号仲斋，遂宁（今四川省）人。元至正十七年（1357年）曾官无锡州判，元末为松江知府，入明朝致仕。能画，有《破窗风雨图》见于著录。
王绂,王绂（1362―1416年），一作芾，又作黻，字孟端，后以字行，号友石生，又号九龙山人，江苏无锡人。洪武中，坐累戍朔州。永乐初，以善书供事文渊阁，官中书舍人。幼小聪明好学，学识渊博，性高介绝俗，精通书法，能诗善文，有《王舍人诗集》传世。善画山水墨竹，山水画有繁、简两种风格，繁笔线条较长，转折灵活，多用中锋，学王蒙、吴镇笔法。简笔则干笔、偏锋、皴擦并用，来自黄公望、倪瓒。画墨竹笔法灵活稳健，含有书法特点，多受文同影响。知名于明初画坛。于书法，动以古人自期。
王羲之,王羲之（303―361年），东晋书法家，字逸少，琅琊临沂（今山东）人，居会稽山阴（今浙江绍兴）。出身名门，官至右军将军、会稽内史，故又称“王右军”。他早年以卫夫人（铄）为师，后来草书学张芝，正书则取法钟繇，自出机杼，推陈出新，创出妍美流变的书体，取代了以往古拙质朴的书风，自成一家。评者谓其草书浓纤折衷，真书势巧形密，行书遒媚劲健，千变万化，而体势自然。对我国书法艺术的发展具有继往开来的巨大贡献，对日本书法界也有深刻影响．有“书圣”之誉。所书《兰亭序》尤脍炙人口，被称为天下行书第一。传世唐代摹本有《兰亭序》、《快雪时晴帖》、《丧乱帖》、《上虞帖》等，刻本有《乐毅论》、《十七帖》以及唐僧怀仁集王书的《圣教序》等。
王蒙,王蒙（1308―1385年），字叔明，号黄鹤山樵、香光居士，吴兴（今浙江湖州）人。赵孟\外孙。曾作过元朝小官，元末弃官归隐黄鹤山（今浙江余杭县临平镇）。入明，曾任泰安知州，后因胡惟庸案牵连被捕，死于狱中。工诗文书法，善画山水，为“元四大家”之一。《明史》卷二八五有传。
王鸣盛,
田家英家属,
白E,白E（1248-1328年），字廷玉，号湛渊，钱塘（今浙江杭州）人。居杭州西湖，后移至栖霞，自号栖霞山人。曾任婺州路、兰溪州判官。擅长诗文，与周密、赵孟\、鲜于枢、邓文原、仇远等往来密切。诗与仇远齐名，书法学米芾。
祝允明,祝允明（1460―1526年），字希哲，号枝山，因手生六指，故自号枝指生，长洲（今江苏苏州）人。明弘治五年（1492年）举人，正德九年（1514年）授广东惠州府兴宁县知县，后转任南京应天府通判，故后世又称之为“祝京兆”。《明史》有传。工诗文书法，才华横溢，与唐寅、文徵明、徐祯卿并称“吴中四才子”。书工各体，融会贯通，蜚声于当时艺坛，与文徵明、王宠并称“吴中三家”，是明代中期极负盛名的书法家之一。其书法博采众长，远法晋唐，复具创新意趣，成为明代书家巨擘。楷书法钟、王宗虞、褚，行书学二王、苏轼，草法旭、素而兼取章草意韵，然法古人而不泥于古法，呈现出独特的书法风貌，自成一家。明人谓其书：“出入晋魏，晚益奇纵，为国朝第一。”存世书法作品较多，故宫博物院收藏的《唐宋四家文》卷、《六体诗赋》卷、《牡丹赋》卷、《歌风台》卷等均是他各个时期书法的代表性作品。
程瑶田,程瑶田（1725-1814），字易畴，安徽歙县人，乾隆年举人。精于考据，擅长书法。著有《通艺录》，对古代器物均以绘画说明，其《释虫小记》和《释草小记》，则近似动植物学之研究。
章炳麟,章炳麟，原名绛，字枚叔，又字太炎，1869-1936，浙江余杭
管道N,
米万钟,米万钟（1570-1628年），字仲诏，号友石，关中（今陕西）人，原籍安化，后迁顺天。米芾后裔。万历年进士，历任江西按察史等职。善于画山水、花卉，有好石之癖；行草书得米芾法，与董其昌齐名，享有“南董北米”之誉。著有《篆隶考》。
米芾,米芾（1051―1107年），字元章，号鹿门居士、襄阳漫士、海岳外史，祖籍山西太原，后迁襄阳(今湖北襄樊)，晚定居润州（今江苏镇江）。曾任地方官，宋徽宗时任书画学博士，擢礼部员外郎，人称“米南宫”。精书画，绘画擅长水墨山水，作泼墨云山，自云：“信笔作之，多烟云掩映，树石不取细意，似便已。”（米芾《画史》）创“米家山”。他善用墨法，董其昌评：“老米画难于浑厚，但用淡墨、浓墨、泼墨、积墨、焦墨，尽得之矣。”（《容台别集》）所创“米点山水”意过于形，极富笔墨情趣，使山水之格为之一变。
粱同书,梁同书（1723―1815年），字元颖，号山舟，晚号不翁，90岁后又号新吾长翁，大学士梁诗正之子，浙江杭州人。清乾隆十七年（1752年）进士，官至翰林院侍讲。自幼爱好书法，12岁能为擘窠大字，初学颜、柳，中年用米芾法，直至90岁依然笔致洒脱，无苍老之气，与梁t有“南北梁”之称。著有《l罗庵论书》、《l罗庵书画跋》等。
纪昀,纪昀（1724－1805年），字晓岚，一字春帆，晚号石云，谥号文达，直隶（今河北）献县人。清乾隆朝进士，官至礼部尚书、协办大学士。他学识渊博，贯通典籍，诗文名闻天下。他曾任《四库全书》总纂官，纂定了《四库全书总目提要》。有《纪文达公遗集》、《阅微草堂笔记》等多种著作传世。
翁方纲,翁方纲（1733―1818年），字正三，号覃溪，晚号苏斋，顺天大兴（今属北京市）人。清乾隆十七年（1752年）进士，官至内阁学士。博学，富藏书，工诗文，长于考证金石。书法初学颜真卿，继学欧阳询，旁涉汉隶，自成一格，与刘墉、成亲王永w、铁保并称“乾隆四家”。著有《两汉金石记》、《粤东金石略》等。
聂大年,聂大年（1403－1456年），字寿卿，江西临川人。明宣德末年荐授仁和训导，后迁教谕。景泰六年（1455年）荐入翰林，不久病卒。大年博学，诗文俱佳，时人称其诗为30年来绝唱。书法师欧阳询、李邕、w孟\诸家，闻名于时。
胡俨,胡俨（1361―1443年），字若思，号颐庵，江西南昌人。明洪武中以举人授华亭教谕。建文元年（1399年）官桐城知县。永乐初，被举荐入朝，授翰林检讨，与解缙等直文渊阁。二年（1404年）拜南京国子监祭酒，十九年（1421年）改北京国子监祭酒。洪熙元年（1425年）以病乞休。胡俨学问广博，于天文、地理、历律、医卜，无不究览。朝廷大著作如《太祖实录》、《永乐大典》、《天下图I》，皆充总裁官。有《颐庵文集》二卷。
胡广,胡广（1370―1418年），字光大，江西吉水人。明建文二年（1400年）廷试对策，建文皇帝亲擢进士第一，赐名靖，授翰林修撰。永乐时，复名广，累官翰林学士兼左春坊大学士，进文渊阁大学士。卒赠礼部尚书，谥号文穆。胡广工诗文，善写真，长于行、草诸体。扈从永乐帝北征时，每勒石，皆命胡广书之。
苏轼,苏轼(1037―1101年)，字子瞻，号东坡居士，眉山(今属四川)人。苏洵次子。北宋文学家、书画家。仁宗嘉v二年(1057年)进士。熙宁时任祠部员外郎，知密州、徐州、湖州。因对王安石所行新政有异见，上书神宗，遂被贬谪黄州。元v间复起用，任翰林学士，出知杭州、颖州，官至礼部尚书。绍圣四年（1097年），党争又起，再谪惠州、儋州，最后北还，病殁常州，追谥“文忠”。与父洵、弟辙合称“三苏”。
范仲淹,范仲淹（989―1052年），字希文，吴县（江苏苏州）人。举进士第。历仕真宗、仁宗两朝，官至参知政事，为朝廷所倚重。卒赠兵部尚书，谥“文正”。其文学成就卓著，有名篇《岳阳楼记》等。
莫有芝,莫有芝（生卒年未详），贵州独山人。道光十一年（1831年）举人。官之知县，晚清宋诗派诗人。对文字音韵，版本目录学均精通。书法擅长篆书，人称其书“不以姿取容，具有金石气”，圆润婉通，有古雅之势。
葛长庚,葛长庚（1194--1229年），号白玉蟾，南宋闽清（今属福建省）人。道士，嘉定间设教区，成为宋元道教南宗。善草书，有龙翔凤翥之势，兼善篆隶。
董文骥,
蔡羽,蔡羽(？―1541年)，字九逵，居吴(今江苏苏州)之洞庭山，因自号林屋山人。为诸生，与文徵明齐名，两人亦交善。贡入太学，授南京翰林孔目。工诗文，善行书。诗文求出魏晋之上。著有《林屋》、《南馆》二集。
蔡襄,蔡襄（1012―1067年），字君谟，兴化仙游（今属福建）人。举进士。曾在泉州、福州、杭州等地为官。善诗文。书法在当时享有很高的声誉，被推为本朝第一，与苏轼、黄庭坚、米芾并称“宋四家”。有《蔡端明文集》。《宋史》有传。
薛绍彭,薛绍彭，生卒年不详，约活动于11世纪，字道祖，号翠微居士，河中万泉（今山西万荣）人。曾官秘阁修撰，知梓潼路漕。与米芾友善，能诗，好鉴古，擅行草书。其书风含蓄秀雅，有晋人高格，是“宋四家”之外的重要书家。薛绍彭同时也是著名的收藏家和鉴定家。传说薛绍彭曾翻刻“定武兰亭”一种，并将原石上的“湍”、“流”、“带”、“右”、“天”五字凿损，以区别于翻刻帖石。
虞世南,虞世南（558―638年），字伯施，越州余姚（今浙江余姚）人。官至秘书监，封永兴县子，人称“虞永兴”。精书法，为唐太宗的书法导师。擅真、行体，亲承智永传授，继承二王传统。真书体方笔圆，外柔内刚，笔致圆融遒丽；行书遒媚不凡，筋力稍宽。与欧阳询、褚遂良、薛稷并称“唐初四家”。
虞堪,虞堪（生卒年不详），字克用，一字胜伯，家居长洲（今江苏苏州），是宋丞相虞允文的八世孙。家藏书甚富，喜作诗，能画山水。明初官云南府学教授，卒于任。
虞集,虞集（1272―1348年），字伯生，蜀郡人。为宋丞相虞允文五世孙。奎章阁侍书学士，参知政事护军，封仁寿郡公。参与纂修《经世大典》，博学多才，诗词文赋均负盛名。真行草篆皆有法度，古隶书被评为当代第一。《辍耕录》云：“文宗奎章阁作二玺：一曰天历之宝，一曰奎章阁宝，命集篆文。”朝廷典册、公卿大臣之碑版多出其手。卒谥文靖。
袁枚,
袁桷,袁桷（1267―1327年），字伯长，号清容居士，庆元（今浙江庆元）人。为童子时已著声。元大德初年（1297年）为翰林国史院检阅官。擢应奉翰林文字，同知制诰，兼国史院编修官。元至治元年（1321年），官至侍讲学士。袁桷的书法规整，不露锋芒，《元史》记载：“朝廷制册，勋臣碑铭多出其手。”去世后赠中书省参知政事，追封为陈留郡公，谥文清。
解缙,解缙（1369―1415年），字缙绅，号春雨，江西吉水人。幼颖敏，20岁举进士，授庶吉士。为明太祖朱元璋爱重，常侍御前。永乐间擢侍读，与黄淮、杨士奇、胡广、金幼孜、杨荣、胡俨并直文渊阁，预机务。累进翰林学士，兼右春坊大学士。永乐五年（1407年）坐廷试读卷不公，谪广西布政司参议，改交n。八年（1410年）为汉王高煦诬陷下诏狱，十三年（1415年）死于狱中。解缙少年登朝，才名@赫，表里洞达。然任事直前，好臧否，无所顾忌，为廷臣所嫉。善狂草，挥洒如风雨，自成一格。有《文毅集》行世。
谢安,谢安（320―385年），字安石，陈郡阳夏（今河南太康）人。聪慧过人，器度不凡，名重于时。早年无意宦游，朝廷屡征，皆以病辞。隐居于会稽之东山，纵情声色，出行必携妓。后出仕，为尚书仆射，加后将军，威仪外著，时人比之王导。太元八年（383年）符坚攻晋，谢安为征讨大都督，指挥“淝水之战”，以少胜多，大败符坚而名垂青史。谢安善行、草书，唐李嗣真《书后品》赞曰：“纵任自在，有螭盘虎踞之势”。卒赠太傅，谥文靖。《晋书》有传。
谭元春,谭元春（1586-1637年），字友夏，竟陵（今湖北天门）人。天启间乡试第一。是明代文学“竟陵派”的创始者。
谭嗣同,
赵之谦,赵之谦（1829―1884年），字益甫，号质澹别号悲Q等，浙江绍兴人。清咸丰年间举人，曾历任江西鄱阳、奉新知县。精书画、篆刻，并工于金石之学，著有《六朝别字》、《补寰宇访碑录》等书。其书初宗颜真卿，后专意于北碑，篆隶师邓石如，又融化入己法，自成一家。时人评云：“质迨槌跏ρ掌皆，后深明包氏钩捺抵送万毫齐力之法，篆隶楷行一以贯之，故其书姿态百出，亦为时所推重，实乃邓派之三变也。”赵之谦是“海派”先驱之一，其书画不仅名重于时，而且对近现代艺坛也有着极大的影响。
赵雍,赵雍（1289-1361年），字仲穆，号山齐，吴兴（今浙江湖州）人，赵孟\次子。书画继承家学，山水、人物、花鸟皆善，尤其擅画山水、鞍马；兼工书法，其作品有“精妙”之称。
赵麟,赵麟（生卒年不详），字彦征，吴兴（今浙江湖州）人。赵雍次子，赵孟\之孙。以国子生登第，元至正十九年（1359年）为江浙行省检校，历官莒州知州。善画人物、马，亦工书法。
辛弃疾,辛弃疾（1140-1207年），字幼安，山东历城人。蔡伯坚弟子。耿京聚兵山东，节制山东、河北忠义军马，弃疾为掌书记。绍兴三十二年，南渡归宋。孝宗朝官至大理少卿，加集英殿修撰，知福州兼福建安抚使等职。后进龙图阁，知江陵府，又进枢密都承旨，未受命即卒。著有《稼轩集》。
贤,贤（1309―？年），元葛逻禄氏，字易之，汉姓马。先祖随蒙古军入居中原，为南阳（今属河南省）人。兄塔海宦江浙，因随居鄞县（今浙江宁波）。能诗文。曾游大都。归浙东，辟为东湖书院山长，授翰林编修官。至正年间出参军事，卒于军。著有《金台集》、《河朔访古记》等。
邓文原,邓文原（1258―1328年），字善之，绵州（今四川绵阳）人。曾官翰林修撰，预修《成宗实录》，江浙儒学提举、国子祭酒、经筵官等。擅正、行、草书，尤以章草著称于世，与赵孟\、鲜于枢齐名。
邓石如,邓石如（1743―1805年），初名琰，因避清仁宗讳，遂以字行，更字顽伯，号完白山人、笈游道人等，怀宁（今安徽安庆）人。清代乾、嘉时期著名碑学大师。少好刻石，弱冠谒江宁梅H，梅家多藏金石善本，尽出与石如，使专摹习。客梅氏八年，学既成，又客于两江总督毕沅幕府。三年后辞归。工书法、篆刻。书工各体，以篆、隶为最精，颇得古法，兼融各家之长，形成独特风格。清李兆洛谓其书“真气弥满，楷则俱备，其手之所运，心之所追，绝去时俗，同符古初，津梁后生，一代宗仰。”对清代中、后期书坛有巨大影响。著有《完白山人篆刻偶存》等书行世，《清史稿》有传。
邢侗,邢侗（1551-1612），字子愿，自号啖面生、方山道民，晚号来禽济源山主，世尊称来禽夫子，临邑（今山东临清市）人。官至陕西行太仆卿，人称刑太仆。喜爱诗文，其书法笔力矫健，沉着圆浑，与董其昌、张瑞图、米万钟并称为“明末四家”。代表作有《来禽馆法帖》，著有《来禽馆集》。
邵亨贞,邵亨贞（1309-1401年），字复孺，号贞溪，先世为严陵人，徙居华亭（今上海松江）。明初官松江训导。通经史，善文辞，为元末明初著名学者。有《蛾术文集》十六卷、《蛾术词选》四卷行世。
邵宝,邵宝（1460―1527年），字国贤，号二泉，人称“二泉先生”，江苏无锡人。19岁学于江浦庄昶，明成化二十年（1484年）进士。历官许州知州、户部员外郎、江西提学副使、右副都御使、户部右、左侍郎，进左侍郎、南京礼部尚书等。博综群籍，诗文典重和雅，书法以李东阳为宗，又深得颜鲁公笔意。著有《慧山记》、《容春堂集》等。
郭尚先,郭尚先（1784-1832年），字元闻，又字兰石，福建莆田人。清嘉庆十四年（1809年）进士。官大理寺卿、礼部侍郎。工书擅画，精鉴别。他推崇颜真卿书法，认为“学书不过鲁公一关，终身门外汉”，故从颜书入手，深得其法，致使书名盛于清嘉、道间。在京师时，前来索书者“趾楼于户，每作字脱手，辄为人持去，拱璧珍之”。著有《增默庵文集》、《芳坚馆题跋》等。
郭畀,郭畀（约1280-1335年），字天锡，号云山、景星子，丹徒（今江苏丹徒）人。历任镇江路学录、饶州路鄱江书院山长、青田腊源巡检、江浙行省辟充掾吏等职。工书画。著有《快雪斋集》、《云山日记》。
钱博,钱博（生卒年不详），字原博，华亭（今上海松江）人。钱溥之弟，明正统六年（1441年）解元，正统十年（1445年）进士。授南京刑部之事，官至四川按察使。工古文辞，善楷、行、草书，与钱溥时称“两钱”。
钱大昕,钱大昕（1728-1804），字晓征，又字及之，号辛楣，又号竹汀居士，晚年号潜研老人，江苏嘉定人，以一篇《御试韫玉赋》收到乾隆皇帝的赏识被赐为举人，后考中进士，任浙江等省乡试考官。著有《潜研堂文集》和《潜研堂文集》等。
钱溥,钱溥（生卒年不详），字原溥，华亭（今上海松江）人。明正统四年（1439年）进士。成化中官至南京吏部尚书。谥“文通”。书法学宋克。小楷、行、草俱工。
钱陈群,钱陈群（1686―1774年），字主敬，号香树，浙江嘉兴人。清康熙六十年（1721年）中进士。雍正、乾隆时久直南书房，充经筵讲官，官至刑部左侍郎。乾隆皇帝与他考论古今，称为故人。其病老归乡之后，还常寄诗相与唱和。与沈德潜并称东南二老。卒年89岁。谥文端。著《香树斋集》。
铁保,铁保（1752―1824年），字冶亭，号梅庵，又号铁卿，满族正黄旗人。清乾隆三十七年（1772年）进士。嘉庆年间官至两江总督、吏部尚书。多次因事遣戍，道光初年以三品卿衔致仕。擅诗，少时即与百龄、法式善称三才子。工书画，楷书宗法颜真卿，行草书宗法二王、怀素、孙过庭，时人谓其书与刘墉、翁方纲、成亲王永w并驾，为“乾隆四大家”之一。尝刻《惟清斋帖》为士林所重。著有《惟清斋全集》、《白山诗介》、《淮上题襟》等书。
阿桂,阿桂（1717―1797年），满洲正白旗人，章佳氏，字广廷。乾隆时期举人。历任伊犁将军、兵部吏部尚书、云贵总督，累官至武英殿大学士兼军机大臣。曾参与平定准葛尔及霍集占叛乱、大小金川之役、缅甸之役、镇压苏四十三起义及田五起义，均为统率。
陆士仁,陆士仁（生卒年不详），字文近，号澄湖，一作承湖，长洲（今江苏苏州）人。陆师道之子。补博士弟子员，屡试不售。北游燕都，返至齐鲁，晚年过隐匿生活。善画山水，笔法雅洁，有其父遗风。书法各体皆能，受文徵明影响。
陆居仁,陆居仁（生卒年不详），字宅之，号巢松翁，又号云松野褐，华亭（今上海松江）人。元泰定三年（1326年）举乡试，隐居不仕，教授以终。工诗，与杨维桢、钱维善相唱和，死后与杨、钱同葬干山东麓，人称“三高士墓”。善书法。有《云松野褐集》传世。
陆广,陆广（生卒年不详），字季弘，号天游生，吴（苏州）人。
陆机,陆机（261―303年），字士衡，吴郡（今苏州）人。三国东吴丞相陆逊之孙，大司马陆抗之子。吴亡后，与弟陆云入洛阳，参与司马氏政权。受成都王司马颖重用，为平原内史、后将军、河北大都督。讨司马V，兵败，为司马颖所杀。陆机少有异才，文章冠世，以《文赋》最知名。善章草，为文名所掩。
陆游,陆游（1125―1210年），南宋书法家，字务观，号放翁，越州山阴（今浙江绍兴）人。曾官枢密院编修、知夔严二州、宝章阁待制等。他是南宋伟大的爱国主义诗人，一生创作诗词近万首，意气风发，激情豪迈，主张抗敌御侮，恢复中原。他亦擅长书法，笔姿瘦硬清新，风格独具，然为诗名所掩，知之者稀。
陈容,陈容（生卒年不详），字公储，自号所翁。福建长乐人。端平二年（1235年）进士，曾官郡文学，入为国子监主簿，出守莆田，曾入贾似道幕中。时与名士论文讲艺，敷绎大义，士习以兴。诗文豪壮，善画墨龙，得变化之意，泼墨成云，e水成雾。信手涂抹，然后以笔成之。画松竹学李煜铁钩琐之法。宝佑间名重一时，笔力简易精妙。偶亦画虎，斑毛勾染工细。
陈植,陈植（1293-1362年），字叔方。吴（今江苏苏州）人。力学工文，贯通经史百家，为当时文人所瞩望。亦善画山林泉石、幽篁怪木，各尽其态。《诗经》中此段名为《伐木》，诗意为伐木以做燃料宴飨朋友故旧。故此诗序云：“伐木燕朋友故旧也。自天子而至庶人，未有不须友以成者……不遗故旧，则民德归厚矣。”画面取原诗中“伐木丁丁，鸟鸣嘤嘤，出自幽谷，迁于乔木”之意略加展现。
陈绎曾,陈绎曾（生卒年不详），字伯敷，元代湖州（今属浙江）人。为人口吃，而文辞汪洋浩博，官至国子助教。著有《文说》、《文筌》、《翰林要诀》。
陈维崧,
陈鹏年,
韩道亨,
顾禄,顾禄（生卒年不详），约活动于元末明初，字谨中，华亭（今上海松江）人。以太学生除太常典簿，后为蜀府教授。少有才名，嗜酒善诗，才情烂漫，人赠诗赞其为“两京诗博士，一代酒神仙”。精于隶书、行草。
颜真卿,颜真卿（709―785年），字清臣，京兆万年（今陕西西安）人，一说临沂(今属山东)人。唐代书法家。曾任平原（今属山东）太守，官至吏部尚书、太子太师，封鲁郡公，世称“颜平原”、“颜太师”、“颜鲁公”等。书法初学褚遂良，后请教张旭，深悟笔法。参用篆书笔意写楷书，真书笔力弥满，端庄雄伟，气势森严，行书遒劲郁勃，阔达自在，书风明显区别于二王(羲之，献之)和唐初诸家，对我国书法艺术的发展有重大影响，世称“颜体”。与当时另一位书法家柳公权并称“颜柳”。唐人《书评》论其书：“如荆卿按剑，樊哙拥盾，金刚嗔目，力士挥拳。”传世墨迹有正书《自书告身》、行书《祭侄文稿》和《刘中使帖》，碑刻有《争坐位帖》、《多宝塔碑》、《东方画赞》、《颜家庙碑》、《麻姑仙坛记》、《颜勤礼碑》、《中兴颂》等。后人辑有《颜鲁公文集》。
饶介,饶介（生卒年不详），字介之，号华盖山樵，又号醉翁，临川（在江西省）人。元末自翰林应奉出为浙江宪佥，累升淮南行省参政。张士诚据吴，慕名造请，仍官原职。吴亡，俘至金陵被诛。饶介是元末著名文人、书法家，具有较高的知名度和影响力。其友人释道衍评价他：“介之为人，倜傥豪放，一时俊流皆与交。书似怀素，诗似李白，气焰光芒，烨烨逼人。”
马愈,马愈（生卒年不详），字抑之，号华发仙人，嘉定（今上海）人。明天顺八年（1464年）进士，官至刑部主事。能诗文，善书法，纵逸不羁，人称“马清痴”。亦工画山水，与杜琼、刘珏齐名。朱之赤（明崇祯―清康熙初，即公元17世纪），号卧庵、卧翁，安徽休宁人。著名鉴藏家，赏鉴至精，收藏颇富。著《朱卧庵藏书画目》一卷，多收录明人作品，其中收录同时代人所作尤多。
马衡,马衡（1881―1955年），字叔平，浙江鄞县（今浙江宁波）人。工八分书，喜刻印，尤喜蓄青田石章，收藏书画碑版甚富。曾任北京大学研究所国门学考古研究室主任、故宫博物院院长，主持过燕下都等地的考古发掘和调查工作。对秦石鼓、汉魏石经及古代度量衡等方面的研究颇有贡献。著有《汉石经集存》、《凡将斋金石论丛》等。1928年辑自刻印成《凡将斋印存》二册。《广印人传》有载。
高启,高启（1336-1374年），字季迪，号槎轩，长洲（今苏州市）人。家北郭，与徐贲、宋克、张羽等卜居相近，号“北郭十友”，又称“十才子”。有文武才，无书不读，尤邃于群史。元末张士诚开藩平江，以高启为上客，谢去，隐居吴淞江之青丘，自号青丘子。洪武初，召入篡修元史，授翰林院国史编修官，再擢户部侍郎，固辞不就，退居青丘。洪武七年，因魏观案连坐腰斩，年仅39岁。其人才气俊逸，思致清远。明李东阳评：“国初称高（启）、杨（基）、张（羽）、徐（贲），高才力声调过三人远甚，百余年来，亦未见卓然有过之者。”有诗、词、文集多种，合为《大全集》18卷、《凫藻集》5卷。
高士奇,高士奇（1645―1704年），字澹人，清代康熙时期儒臣。钱塘人氏，自幼好学能文，工于书法。因大学士明珠推荐，入内廷供奉。康熙十七年（1678年）始，代为书写密谕并纂辑讲章、诗文，深得康熙皇帝赏识。十九年（1680年）授为额外翰林院侍讲，升侍读，累至少詹士。二十八年（1689年）从康熙皇帝南巡，至其家西溪山庄，御赐“竹窗”榜额。后受弹劾退休回籍。康熙三十三年（1694年）复召来京修书，值南书房，官至礼部侍郎。四十二年（1703年）卒于家，谥文恪。康熙皇帝曾对其评价道：“士奇无战功，而朕待之厚，以其使朕学问增大也。
魏了翁,魏了翁（1178-1237年），字华父，四川蒲江人。庆元五年登进士，官至佥书枢密院事，嘉熙元年（1237年）丁酉知福州，福建安抚使。卒谥文靖。著《鹤山集》。
魏大中,魏大中(公元1575～1625年)，嘉善(今浙江省嘉善县)人，万历进士，官至刑科给事中，为官清正廉明，是东林党重要成员。万历末年，他坚持与阉党斗争，阉党首领魏忠贤对其恨之入骨。天启五年(公元1625年)，魏忠贤再次制冤案，诬枉魏大中等人受贿，先后将杨涟、左光斗、魏大中、周朝瑞、袁化中、顾大章等逮捕下镇抚司诏狱，严刑拷打，六人惨死狱中。魏大中被捕后知无再生可能，遂写下这份绝命书。书中称自己没有辜负国家，但毁了自己的家，上对不起前辈，下对不起儿女。望子女“一概安心守穷”，“安贫、读书、积德”。
鲜于枢,鲜于枢（1246―1301年），字伯几，号困学民、虎林隐吏、直寄道人、西溪翁，自署渔阳（今北京市）人。寓居扬州，后至杭州。曾任湖南司宪经历、行台掾、浙江帅府从事、三司史掾等职，后官至太常寺典簿，未到任便死去，终年56岁。鲜氏工于书法，尤善行草，取法唐人，在元代与赵孟\齐名。
黄庭坚,黄庭坚（1045―1105年），字鲁直，号山谷道人，又号涪翁，洪州分宁(今江西修水)人。北宋治平四年（1067年）举进士，以校书郎为《神宗实录》检讨官，后擢升起居舍人、秘书丞、国史编修官。绍圣年间因章、蔡卞等党人论实录多诬，被贬为涪州别驾，安置黔州，此后多次被贬官在外，最后至宜州（今广西宜山），死于该地。他曾与张耒、晁补之、秦观俱学于苏轼门下，被称为“四学士”。他善为文章，长于写诗，尤以擅长书法著称，其楷体字势开张，笔力刚劲；草体盘曲旋，变化无方，被誉为北宋四大书家之一，著有《山谷集》行世。
黄道周,黄道周（1585―1646年），字幼玄，一字螭若，别号石斋，福建漳州人。明天启二年（1622年）进士，选庶吉士，授编修，历官礼部尚书。学贯古今，尤以文章风节高天下。性格严冷方刚，不谐流俗，明亡被俘，至死不降。工书，真、草、隶各体自成一家。著有《黄漳莆集》。
龚X,龚X（1266-1331年），字子敬，号谷阳生，江苏高邮人，后徙居平江（今江苏吴县）。少为徐琬辟幕下，后充和靖、学道两书院山长。以浙江儒学副提举致仕。与戴表元、仇远等人交善。工诗文，擅书法，有晋唐人法度。有《存悔斋集》一卷，补遗一卷。小传详见《苏州府志》。
龚自珍,
林散之,林散之(1898―1989)，原名以霖，号散之，笔名散耳，左耳等。祖籍安徽和县，生于江苏江浦。
李在,李在（不详-1431年），字以政，莆田（今属福建省）人。曾任画院待诏，擅画人物、山水。《画史会要》称其“自戴文进以下，一人而已”。
杜堇,杜堇，明代画家，本姓陆，后改姓杜，字惧男，号怪居，别号古狂，青霞亭长等，丹徒（今江苏镇江人）。生卒年不详，寓居北京。与画家郭诩、吴伟、沈周齐名。
徐熙,徐熙，五代南唐宫廷画家，金陵（今江苏南京）人。擅画野外的江湖汀花、水鸟、野竹等野外精致，其风格有“徐熙野逸”之称。
高其佩,高其佩（1660―1734），字韦之，号且园、南村、书且道人。别号颇多，另有山海关外人、创匠等。奉天辽阳（今属辽宁）人。工诗善画，所绘人物山水，均苍浑沉厚，尤善指画，晚年遂不再用笔，指画开山祖。
李W,李W，字宗扬，号复堂，别号懊道人、墨磨人，江苏兴化人。宫廷工笔画造诣颇深，中年始画风变化，转入粗笔写意，大胆泼辣，挥洒自如，感情充沛，富有气势。其作品对晚清花鸟画有较大的影响。“扬州八怪”之一。
华唬1682-1756），字德嵩，改字秋岳，号新罗山人、离垢居士、东园生、布衣生等。福建上杭人，侨寓扬州等地，以卖画为生。工诗善画，山水、花鸟、人物皆精。,华唬1682-1756），字德嵩，改字秋岳，号新罗山人、离垢居士、东园生、布衣生等。福建上杭人，侨寓扬州等地，以卖画为生。工诗善画，山水、花鸟、人物皆精。
高凤翰（1683～1749），又名翰，字西园，号南村，又号南阜、云阜，别号因地、因时、因病等40多个，晚因病风痹，用左手作书画，又号尚左生。山东胶县人。善山水，纵逸不拘于法，纯以气胜，兼北宋之雄浑，元人之静逸。花卉亦奇逸得天趣。,高凤翰（1683～1749），又名翰，字西园，号南村，又号南阜、云阜，别号因地、因时、因病等40多个，晚因病风痹，用左手作书画，又号尚左生。山东胶县人。善山水，纵逸不拘于法，纯以气胜，兼北宋之雄浑，元人之静逸。花卉亦奇逸得天趣。
朱耷,朱耷（1626―约1705），字雪个，号八大山人、个山 、驴屋等，江西南昌人。明皇室后裔，明亡后削发为僧。擅书画，清初“四画僧”之一。
艳艳女史,艳艳女史（生卒年不详），任谊之妾，擅画花卉、山水。任谊官至澧州通判，工隶书，擅画山水、人物。
赵葵,赵葵（1186-1266年），字南仲，号信庵，衡山（今属湖南）人。工诗，擅画，尤擅长写梅。
孙位,孙位（约公元9世纪，生卒年不详），唐代著名宫廷画家，一名遇，号会稽山人，会稽（今浙江绍兴）人。擅画龙水、人物、松石墨竹和佛道。《高逸图》是其存世的唯一一件真迹。
高克恭,高克恭（1248-1310年），字彦静，号房山。工墨竹，擅山水。其画有“元气淋漓”之称，其书画成就与赵孟\齐名，与之并称“南赵北高”。
李士行,李士行（1282-1328年），字遵道，蓟丘（今北京）人，元代画家李b（音kan）之子。擅画界画，尤其善于古木竹石和山水。
王冕,王冕（1287-1359年），字元章，号老村、煮石山农，诸暨（今属浙江）人。擅画墨梅、竹石，尤以墨梅著名。著有《竹斋集》行世。
柯九思,柯九思（1290-1343年），字敬仲，号丹丘生、五云阁吏，台州仙居（今属浙江）人。擅画竹石、山水。
张渥,张渥（约公元14世纪，生卒年不详），字叔厚，号贞期生，淮南（今属安徽）人。工画，尤擅画白描人物。
华祖立,沈同樾、顾榴、顾笃璋、顾笃u、顾笃球捐赠
王渊,王渊（生卒年不详），字若水，号澹轩，钱塘（今浙江杭州）人。元代后期职业画家，擅画水墨花鸟、竹石、山水等。
李升,李升（约14世纪，生卒年不详），字子云、子o生，凤阳（今属安徽）人。擅画山水、竹。
张中,张中（生卒年不详），一名守中，字子政，松江（今上海松江）人。山水师法“元四家”之一的黄公望，尤以花鸟见长。
盛懋,盛懋（约13世纪末-14世纪初，生卒年不详），字子昭，临安（今浙江杭州）人，寓居嘉兴魏塘镇（今浙江嘉善）。其父盛洪为专业画师，盛懋继承家学，以陈琳为师，擅画山水，笔墨精致，设色明丽。
方从义,方从义（约公元14世纪，生卒年不详），字无隅，号方壶、不芒道人，贵溪（今江西贵溪）人，江西龙虎山上清宫道士。能诗文，工古隶、章草，擅画山水。
怀素,怀素（737―799年后），唐代书法家，僧人。俗姓钱，法名藏真，长沙（今属湖南）人，工书，尤擅狂草。有“张颠素狂”或“颠张醉素”之称，与张旭齐名。
溥光,溥光，字玄晖，号雪庵，山西大同人。元代高僧，工诗画，善真、行、草书，尤工大字。赵孟\尝荐之于朝，蒙封昭文馆大学士，赐号“玄悟大师”。大都宫廷匾额多出自其手。
董纪,董纪（生卒年不详），字良史，吴门（今属江苏苏州）人。能诗工书，行迹不概见。明万历己丑年（1589）有《自书诗册》存世。
沈辽,沈辽（1032―1085），字睿达，宋钱塘(今余杭)人。其为文雄奇峭丽，长于诗词歌赋，诗文自成一家，尤其精于书法。其书法精于楷隶，笔法清峻，自成一家。
王文治,钱镜塘捐赠
刘基,刘基（1311－1375）字伯温，谥曰文成，浙江青田人。明朝开国元勋，官至御史中丞，弘文馆学士，爵封诚意伯。善诗文，长行草书，能画山水。
冯子振,
梁同书,梁同书（1723―1815），字元颖，号山舟，晚号不翁，九十岁后又号新吾长翁。浙江杭州人。大学士梁诗正之子，官至翰林院侍讲。自幼爱好书法，得名甚早，一生又极勤奋，至八十岁仍作书不辍。
陈璧,陈璧，字文东，号谷阳生。华亭（今上海松江）人。洪武（1368～1398）间秀才，任解州判官，调湖广。以文学知名，尤善书法，能写篆、隶、真、草四体书，开创“云间书派”之先声。
陈献章,陈献章（1428-1500），字公甫，号石斋，又号白沙、碧玉老人、南海樵夫等，广东新会人。成化时授翰林院检讨。诗文书法均所擅长。写字爱用茅草束笔，遂称为“白沙茅龙”。自谓书有“法而不囿，肆而不流，拙而愈巧，刚而能柔”之趣。
王鏊,王鏊（1450-1524），字济之，号守溪，晚号震泽先生，吴县（今江苏苏州人）。官至少傅、户部尚书、文渊阁大学士，改武英殿大学士。博学有识鉴，善诗文，以行草见长，取法晋唐，与时风及元人皆不相类，书法极具个人特色。
陆深,陆深（1477-1544），字子渊，号俨山，华亭（今上海松江）人官至詹事府詹事。卒，赠礼部右侍郎，谥文裕。陆深书法遒劲有法，如铁画银钩。为人作书，甚认真，每书通常要废十余纸才罢。
沈曾植,沈曾植（1850―1922），字子培，号乙Q，晚号寐叟。浙江嘉兴人。官至安徽布政使、学识渊博，诗文书画皆工。
杨维祯,杨维祯（1296――1370），字廉夫，号铁崖，晚号东维子，别号铁笛道人、抱遗叟。浙江绍兴人，寓居江苏松江（今上海松江）。为元代著名的诗人、书法家。擅行、草，取径汉晋，以清劲矫健、苍古奇诡自成体貌。
王a登,王a登(1535-1612)，字伯谷、百谷，号半偈长者、青羊君、广长庵主等，江阴（今江苏江阴）人，后移居吴门。自小天资聪颖，尤善诗文。书法师从文徵明，行、草、篆、隶皆精。
纵32厘米，横21厘米,禾卜辞为商代之物，整块甲骨基本完整，刻辞齐全，是成套卜骨的第一版。刻辞记载了当时王以羌、牛祭祀祖先及自然神，祈求庄稼丰收的内容。
张旭,《郎官石记碑册》全称《尚书省郎官石记序》，此碑册为唐代正书碑册，开元二十九年（741）刻于陕西西安。此帖为宋代拓本。此帖楷势精劲凝重，法度森严，不失规矩，雍容闲雅兼而有之，展现出楷书的精妙，是张旭存世的重要楷书作品。张旭书法初学二王，端正谨严，不失规矩。苏东坡评：“今长安犹有长史真书《郎官石柱记》，作字简远，如晋宋间人。”张氏传世楷书除此之外，可称绝无仅有。
何绍基,何绍基（1799―1873），字子贞，号东洲，又号z叟。道州（今湖南道县）人。官至四川学政。博涉群书，尤精小学。善书法，各体皆工，以行书、小真书为尤。
郑,郑（1622―1693），字汝器，号谷口，上元（今江苏南京）人。能医，善刻印，擅长隶书，于《史晨碑》、《曹全碑》临摹甚勤，曾不遗余力购求天下汉碑，家藏积有四厨，并沉酣其中，溯流穷源逾三十年之久。朱彝尊评价他的隶书有“古今第一”之赞。
吴志淳,吴志淳，字主一，号雁山老人，以字行，为州（今安徽无为县）人。生卒年均不详，约元惠宗至正中前后在世。元朝曾奏除待制翰林，为权幸所阻。入明不仕。工诗善书。古学《孙叔敖碑》，诗宗唐人。
高闲,高闲，生卒年未详，浙江吴兴人，唐宪宗元和至唐宣宗大中（806―859年）时人，是唐代后期的一位僧人书家，所作草书盛名一时。韩愈曾作序送之，盛称其书法之美妙，遂大显于世。
王相高,王相高，未见史书记载，当是一位书写功力极为深厚的写经生。
蔡邕,熹平石经，为东汉熹平四年（175年）开始刻写的儒家经典石刻，建于太学，隶书体。此举意义重大，影响深远，史书多有记载。
赵构,赵构（1107―1187），即宋高宗（1127―1162），字德基，徽宗第九子。为南宋第一任皇帝，继帝位于南京（今河南商丘），后建都临安（今浙江杭州）。
邓琰,邓石如(1743―1805），初名琰，避仁宗（J琰）讳，遂以字行，后更字顽伯，别号完白山人等，安徽怀宁人。擅长篆、隶、行书，融合诸体，独具风格。工刻印，世称邓派。
